0,1,2,3,4,5,6,7,8,9,0.1,1.1,2.1,3.1,4.1,5.1,6.1,7.1,8.1,9.1,0.2,1.2,2.2,3.2,4.2,5.2,6.2,7.2,8.2,9.2,0.3,1.3,2.3,3.3,4.3,5.3,6.3,7.3,8.3,9.3,0.4,1.4,2.4,3.4,4.4,5.4,6.4,7.4,8.4,9.4,0.5,1.5,2.5,3.5,4.5,5.5,6.5,7.5,8.5,9.5,0.6,1.6,2.6,3.6,4.6,5.6,6.6,7.6,8.6,9.6,0.7,1.7,2.7,3.7,4.7,5.7,6.7,7.7,8.7,9.7,0.8,1.8,2.8,3.8,4.8,5.8,6.8,7.8,8.8,9.8,0.9,1.9,2.9,3.9,4.9,5.9,6.9,7.9,8.9,9.9,0.10,1.10,2.10,3.10,4.10,5.10,6.10,7.10,8.10,9.10,0.11,1.11,2.11,3.11,4.11,5.11,6.11,7.11,8.11,9.11,0.12,1.12,2.12,3.12,4.12,5.12,6.12,7.12,8.12,9.12,0.13,1.13,2.13,3.13,4.13,5.13,6.13,7.13,8.13,9.13,0.14,1.14,2.14,3.14,4.14,5.14,6.14,7.14,8.14,9.14,0.15,1.15,2.15,3.15,4.15,5.15,6.15,7.15,8.15,9.15,0.16,1.16,2.16,3.16,4.16,5.16,6.16,7.16,8.16,9.16,0.17,1.17,2.17,3.17,4.17,5.17,6.17,7.17,8.17,9.17,0.18,1.18,2.18,3.18,4.18,5.18,6.18,7.18,8.18,9.18,0,1,2,3,4,5,6,7,8,9
0.57668835,-5.0768043e-24,-2.1548908e-23,4.4072047e-05,-7.822158e-24,0.382256,0.0064757485,0.0031835325,0.011184907,0.020167401,,,,,,,,,,,,,,,,,,,,,,,,,,,,,,,,,,,,,,,,,,,,,,,,,,,,,,,,,,,,,,,,,,,,,,,,,,,,,,,,,,,,,,,,,,,,,,,,,,,,,,,,,,,,,,,,,,,,,,,,,,,,,,,,,,,,,,,,,,,,,,,,,,,,,,,,,,,,,,,,,,,,,,,,,,,,,,,,,,,,,,,,,,,,,,
2.3212472e-23,0.5,1.2496266e-24,1.2496478000000001e-24,2.3212453e-23,4.5175294e-23,0.5,-2.0713190000000002e-23,2.3212458e-23,1.2496224e-24,,,,,,,,,,,,,,,,,,,,,,,,,,,,,,,,,,,,,,,,,,,,,,,,,,,,,,,,,,,,,,,,,,,,,,,,,,,,,,,,,,,,,,,,,,,,,,,,,,,,,,,,,,,,,,,,,,,,,,,,,,,,,,,,,,,,,,,,,,,,,,,,,,,,,,,,,,,,,,,,,,,,,,,,,,,,,,,,,,,,,,,,,,,,,,
-5.610218499999999e-23,-6.708366e-23,0.5,-6.7083633e-23,-4.512081e-23,-6.708361000000001e-23,-6.708362000000001e-23,0.5,-6.7083646e-23,-6.708362000000001e-23,,,,,,,,,,,,,,,,,,,,,,,,,,,,,,,,,,,,,,,,,,,,,,,,,,,,,,,,,,,,,,,,,,,,,,,,,,,,,,,,,,,,,,,,,,,,,,,,,,,,,,,,,,,,,,,,,,,,,,,,,,,,,,,,,,,,,,,,,,,,,,,,,,,,,,,,,,,,,,,,,,,,,,,,,,,,,,,,,,,,,,,,,,,,,,
5.6612615e-23,6.759401e-23,4.5631164e-23,0.54504037,5.661258399999999e-23,6.759398000000001e-23,6.759401e-23,6.7593995e-23,0.4549596,6.759401e-23,,,,,,,,,,,,,,,,,,,,,,,,,,,,,,,,,,,,,,,,,,,,,,,,,,,,,,,,,,,,,,,,,,,,,,,,,,,,,,,,,,,,,,,,,,,,,,,,,,,,,,,,,,,,,,,,,,,,,,,,,,,,,,,,,,,,,,,,,,,,,,,,,,,,,,,,,,,,,,,,,,,,,,,,,,,,,,,,,,,,,,,,,,,,,,
1.7679583e-23,1.2188843999999999e-23,1.2188834e-23,6.69815e-24,0.5675527,1.2074279e-24,6.6981485e-24,1.7679572e-23,1.7679561e-23,0.43244728,,,,,,,,,,,,,,,,,,,,,,,,,,,,,,,,,,,,,,,,,,,,,,,,,,,,,,,,,,,,,,,,,,,,,,,,,,,,,,,,,,,,,,,,,,,,,,,,,,,,,,,,,,,,,,,,,,,,,,,,,,,,,,,,,,,,,,,,,,,,,,,,,,,,,,,,,,,,,,,,,,,,,,,,,,,,,,,,,,,,,,,,,,,,,,
0.40278384,-3.2697407e-23,-3.2697410000000004e-23,-2.4461331999999999e-23,-3.2697417e-23,0.5972162,-2.7206691999999997e-23,-2.720669e-23,-3.81881e-23,-2.3088643e-23,,,,,,,,,,,,,,,,,,,,,,,,,,,,,,,,,,,,,,,,,,,,,,,,,,,,,,,,,,,,,,,,,,,,,,,,,,,,,,,,,,,,,,,,,,,,,,,,,,,,,,,,,,,,,,,,,,,,,,,,,,,,,,,,,,,,,,,,,,,,,,,,,,,,,,,,,,,,,,,,,,,,,,,,,,,,,,,,,,,,,,,,,,,,,,
-7.3922003e-23,0.5,-6.2940586e-23,-6.2940586e-23,-6.294058000000001e-23,-6.294062000000001e-23,0.5,-7.3922003e-23,-6.294059e-23,-5.1959188e-23,,,,,,,,,,,,,,,,,,,,,,,,,,,,,,,,,,,,,,,,,,,,,,,,,,,,,,,,,,,,,,,,,,,,,,,,,,,,,,,,,,,,,,,,,,,,,,,,,,,,,,,,,,,,,,,,,,,,,,,,,,,,,,,,,,,,,,,,,,,,,,,,,,,,,,,,,,,,,,,,,,,,,,,,,,,,,,,,,,,,,,,,,,,,,,
-9.888228e-23,-8.790092e-23,0.5,-8.790092e-23,-8.7900865e-23,-8.790089e-23,-9.888226000000001e-23,0.5,-8.790089e-23,-7.691944e-23,,,,,,,,,,,,,,,,,,,,,,,,,,,,,,,,,,,,,,,,,,,,,,,,,,,,,,,,,,,,,,,,,,,,,,,,,,,,,,,,,,,,,,,,,,,,,,,,,,,,,,,,,,,,,,,,,,,,,,,,,,,,,,,,,,,,,,,,,,,,,,,,,,,,,,,,,,,,,,,,,,,,,,,,,,,,,,,,,,,,,,,,,,,,,,
-6.3782534e-23,-6.378260000000001e-23,-6.378256000000001e-23,0.4549596,-7.4763977e-23,-7.4763996e-23,-6.378256599999999e-23,-6.378260000000001e-23,0.54504037,-7.476397e-23,,,,,,,,,,,,,,,,,,,,,,,,,,,,,,,,,,,,,,,,,,,,,,,,,,,,,,,,,,,,,,,,,,,,,,,,,,,,,,,,,,,,,,,,,,,,,,,,,,,,,,,,,,,,,,,,,,,,,,,,,,,,,,,,,,,,,,,,,,,,,,,,,,,,,,,,,,,,,,,,,,,,,,,,,,,,,,,,,,,,,,,,,,,,,,
0.007354513,-4.0318943e-23,-4.031892000000001e-23,-4.5809626e-23,0.42877004,-2.9337526e-23,-3.208286e-23,-4.718228000000001e-23,-4.5809613e-23,0.56387544,,,,,,,,,,,,,,,,,,,,,,,,,,,,,,,,,,,,,,,,,,,,,,,,,,,,,,,,,,,,,,,,,,,,,,,,,,,,,,,,,,,,,,,,,,,,,,,,,,,,,,,,,,,,,,,,,,,,,,,,,,,,,,,,,,,,,,,,,,,,,,,,,,,,,,,,,,,,,,,,,,,,,,,,,,,,,,,,,,,,,,,,,,,,,,
,,,,,,,,,,0.5568728,-7.2040655e-24,-1.7133623000000002e-24,-7.204031e-24,-1.7133475e-24,0.4431272,-1.7133500000000002e-24,-1.2694767e-23,-1.7133165e-24,-7.204053e-24,,,,,,,,,,,,,,,,,,,,,,,,,,,,,,,,,,,,,,,,,,,,,,,,,,,,,,,,,,,,,,,,,,,,,,,,,,,,,,,,,,,,,,,,,,,,,,,,,,,,,,,,,,,,,,,,,,,,,,,,,,,,,,,,,,,,,,,,,,,,,,,,,,,,,,,,,,,,,,,,,,,,,,,,,,,,,,,,,,,,
,,,,,,,,,,2.3714500000000003e-24,0.5,-8.609965e-24,2.3714293e-24,2.3714474e-24,2.3714232000000003e-24,0.5,-8.609957e-24,2.3714535e-24,2.3714514e-24,,,,,,,,,,,,,,,,,,,,,,,,,,,,,,,,,,,,,,,,,,,,,,,,,,,,,,,,,,,,,,,,,,,,,,,,,,,,,,,,,,,,,,,,,,,,,,,,,,,,,,,,,,,,,,,,,,,,,,,,,,,,,,,,,,,,,,,,,,,,,,,,,,,,,,,,,,,,,,,,,,,,,,,,,,,,,,,,,,,,
,,,,,,,,,,-4.5047763e-23,-6.7010566e-23,0.5,-4.504778e-23,-6.7010585e-23,-8.897342000000001e-23,-7.799198e-23,0.5,-4.5047785e-23,-6.7010616e-23,,,,,,,,,,,,,,,,,,,,,,,,,,,,,,,,,,,,,,,,,,,,,,,,,,,,,,,,,,,,,,,,,,,,,,,,,,,,,,,,,,,,,,,,,,,,,,,,,,,,,,,,,,,,,,,,,,,,,,,,,,,,,,,,,,,,,,,,,,,,,,,,,,,,,,,,,,,,,,,,,,,,,,,,,,,,,,,,,,,,
,,,,,,,,,,-1.5167671999999998e-23,-4.1862852e-24,-4.1862793e-24,0.5,1.7776555e-23,-2.6149095e-23,-2.6149114e-23,-4.1862785e-24,0.5,1.7776534e-23,,,,,,,,,,,,,,,,,,,,,,,,,,,,,,,,,,,,,,,,,,,,,,,,,,,,,,,,,,,,,,,,,,,,,,,,,,,,,,,,,,,,,,,,,,,,,,,,,,,,,,,,,,,,,,,,,,,,,,,,,,,,,,,,,,,,,,,,,,,,,,,,,,,,,,,,,,,,,,,,,,,,,,,,,,,,,,,,,,,,
,,,,,,,,,,-5.1288937e-23,-7.325175e-23,-7.325175e-23,-5.1288928e-23,0.5,-7.325171000000001e-23,-9.5214584e-23,-5.128891000000001e-23,-7.325174000000001e-23,0.5,,,,,,,,,,,,,,,,,,,,,,,,,,,,,,,,,,,,,,,,,,,,,,,,,,,,,,,,,,,,,,,,,,,,,,,,,,,,,,,,,,,,,,,,,,,,,,,,,,,,,,,,,,,,,,,,,,,,,,,,,,,,,,,,,,,,,,,,,,,,,,,,,,,,,,,,,,,,,,,,,,,,,,,,,,,,,,,,,,,,
,,,,,,,,,,0.4431272,-2.6882037e-24,-2.688199e-24,-2.6881792e-24,-2.6881879000000003e-24,0.5568728,-1.3669617e-23,-1.3669633e-23,-2.6881863e-24,-2.6882062e-24,,,,,,,,,,,,,,,,,,,,,,,,,,,,,,,,,,,,,,,,,,,,,,,,,,,,,,,,,,,,,,,,,,,,,,,,,,,,,,,,,,,,,,,,,,,,,,,,,,,,,,,,,,,,,,,,,,,,,,,,,,,,,,,,,,,,,,,,,,,,,,,,,,,,,,,,,,,,,,,,,,,,,,,,,,,,,,,,,,,,
,,,,,,,,,,6.8380117e-23,0.5,5.739869000000001e-23,2.4454478e-23,4.6417286e-23,6.838008000000001e-23,0.5,6.838012e-23,6.838014000000001e-23,4.6417305e-23,,,,,,,,,,,,,,,,,,,,,,,,,,,,,,,,,,,,,,,,,,,,,,,,,,,,,,,,,,,,,,,,,,,,,,,,,,,,,,,,,,,,,,,,,,,,,,,,,,,,,,,,,,,,,,,,,,,,,,,,,,,,,,,,,,,,,,,,,,,,,,,,,,,,,,,,,,,,,,,,,,,,,,,,,,,,,,,,,,,,
,,,,,,,,,,-2.3205412e-23,-2.3205380000000012e-23,0.5,-2.3205407e-23,-2.3205416e-23,-1.2426214e-24,-2.3205393e-23,0.5,-2.3205429e-23,-2.3205413e-23,,,,,,,,,,,,,,,,,,,,,,,,,,,,,,,,,,,,,,,,,,,,,,,,,,,,,,,,,,,,,,,,,,,,,,,,,,,,,,,,,,,,,,,,,,,,,,,,,,,,,,,,,,,,,,,,,,,,,,,,,,,,,,,,,,,,,,,,,,,,,,,,,,,,,,,,,,,,,,,,,,,,,,,,,,,,,,,,,,,,
,,,,,,,,,,-1.0266721e-22,-9.1685794e-23,-9.168582e-23,0.5,-9.168581e-23,-9.168583e-23,-1.1364864000000001e-22,-9.1685794e-23,0.5,-1.1364863e-22,,,,,,,,,,,,,,,,,,,,,,,,,,,,,,,,,,,,,,,,,,,,,,,,,,,,,,,,,,,,,,,,,,,,,,,,,,,,,,,,,,,,,,,,,,,,,,,,,,,,,,,,,,,,,,,,,,,,,,,,,,,,,,,,,,,,,,,,,,,,,,,,,,,,,,,,,,,,,,,,,,,,,,,,,,,,,,,,,,,,
,,,,,,,,,,-1.1649529e-22,-1.3845814000000002e-22,-1.3845817000000002e-22,-1.1649533000000002e-22,0.5,-1.1649537e-22,-1.3845814000000002e-22,-1.3845813e-22,-1.60421e-22,0.5,,,,,,,,,,,,,,,,,,,,,,,,,,,,,,,,,,,,,,,,,,,,,,,,,,,,,,,,,,,,,,,,,,,,,,,,,,,,,,,,,,,,,,,,,,,,,,,,,,,,,,,,,,,,,,,,,,,,,,,,,,,,,,,,,,,,,,,,,,,,,,,,,,,,,,,,,,,,,,,,,,,,,,,,,,,,,,,,,,,,
,,,,,,,,,,,,,,,,,,,,0.5,-8.3399643e-23,-6.143683e-23,-1.0536247000000001e-22,-8.3399656e-23,0.5,-8.339967000000001e-23,-6.143687000000001e-23,-6.1436834e-23,-8.3399643e-23,,,,,,,,,,,,,,,,,,,,,,,,,,,,,,,,,,,,,,,,,,,,,,,,,,,,,,,,,,,,,,,,,,,,,,,,,,,,,,,,,,,,,,,,,,,,,,,,,,,,,,,,,,,,,,,,,,,,,,,,,,,,,,,,,,,,,,,,,,,,,,,,,,,,,,,,,,,,,,,,,,,,,,,,,,
,,,,,,,,,,,,,,,,,,,,-1.0696012e-22,0.5,-8.499725000000001e-23,-8.4997244e-23,-1.0696009000000002e-22,-1.0696011000000001e-22,0.5,-8.4997263e-23,-8.4997295e-23,-9.5978655e-23,,,,,,,,,,,,,,,,,,,,,,,,,,,,,,,,,,,,,,,,,,,,,,,,,,,,,,,,,,,,,,,,,,,,,,,,,,,,,,,,,,,,,,,,,,,,,,,,,,,,,,,,,,,,,,,,,,,,,,,,,,,,,,,,,,,,,,,,,,,,,,,,,,,,,,,,,,,,,,,,,,,,,,,,,,
,,,,,,,,,,,,,,,,,,,,-1.111581e-22,-1.0017668000000001e-22,0.5,-1.3312096e-22,-1.1115811e-22,-1.3312095e-22,-1.111581e-22,0.5,-8.9195247e-23,-1.3312093e-22,,,,,,,,,,,,,,,,,,,,,,,,,,,,,,,,,,,,,,,,,,,,,,,,,,,,,,,,,,,,,,,,,,,,,,,,,,,,,,,,,,,,,,,,,,,,,,,,,,,,,,,,,,,,,,,,,,,,,,,,,,,,,,,,,,,,,,,,,,,,,,,,,,,,,,,,,,,,,,,,,,,,,,,,,,
,,,,,,,,,,,,,,,,,,,,-9.178083000000001e-23,-9.178080000000001e-23,-9.1780855e-23,0.5,-9.1780855e-23,-9.178081e-23,-9.178083000000001e-23,-9.1780786e-23,0.5,-9.178086000000001e-23,,,,,,,,,,,,,,,,,,,,,,,,,,,,,,,,,,,,,,,,,,,,,,,,,,,,,,,,,,,,,,,,,,,,,,,,,,,,,,,,,,,,,,,,,,,,,,,,,,,,,,,,,,,,,,,,,,,,,,,,,,,,,,,,,,,,,,,,,,,,,,,,,,,,,,,,,,,,,,,,,,,,,,,,,,
,,,,,,,,,,,,,,,,,,,,1.4544554e-23,3.5631600000000005e-24,1.4544531e-23,-7.418311e-24,0.5,1.454457e-23,2.552599000000001e-23,3.6507350000000003e-23,1.4544552e-23,0.5,,,,,,,,,,,,,,,,,,,,,,,,,,,,,,,,,,,,,,,,,,,,,,,,,,,,,,,,,,,,,,,,,,,,,,,,,,,,,,,,,,,,,,,,,,,,,,,,,,,,,,,,,,,,,,,,,,,,,,,,,,,,,,,,,,,,,,,,,,,,,,,,,,,,,,,,,,,,,,,,,,,,,,,,,,
,,,,,,,,,,,,,,,,,,,,0.5,-8.356908000000001e-23,-8.356908000000001e-23,-6.160623e-23,-6.160625000000001e-23,0.5,-3.9643435e-23,-6.160626e-23,-6.160625000000001e-23,-6.1606244e-23,,,,,,,,,,,,,,,,,,,,,,,,,,,,,,,,,,,,,,,,,,,,,,,,,,,,,,,,,,,,,,,,,,,,,,,,,,,,,,,,,,,,,,,,,,,,,,,,,,,,,,,,,,,,,,,,,,,,,,,,,,,,,,,,,,,,,,,,,,,,,,,,,,,,,,,,,,,,,,,,,,,,,,,,,,
,,,,,,,,,,,,,,,,,,,,-8.5009917e-23,0.5,-7.402846000000001e-23,-6.304707e-23,-6.30471e-23,-6.304707e-23,0.5,-6.3047045e-23,-6.304706399999999e-23,-6.3047076e-23,,,,,,,,,,,,,,,,,,,,,,,,,,,,,,,,,,,,,,,,,,,,,,,,,,,,,,,,,,,,,,,,,,,,,,,,,,,,,,,,,,,,,,,,,,,,,,,,,,,,,,,,,,,,,,,,,,,,,,,,,,,,,,,,,,,,,,,,,,,,,,,,,,,,,,,,,,,,,,,,,,,,,,,,,,
,,,,,,,,,,,,,,,,,,,,-4.4867517999999997e-23,-2.2904654e-23,0.5,-2.2904684e-23,-2.2904706e-23,-9.418608e-25,-3.3886071999999997e-23,0.5,-2.2904663e-23,-4.4867500000000004e-23,,,,,,,,,,,,,,,,,,,,,,,,,,,,,,,,,,,,,,,,,,,,,,,,,,,,,,,,,,,,,,,,,,,,,,,,,,,,,,,,,,,,,,,,,,,,,,,,,,,,,,,,,,,,,,,,,,,,,,,,,,,,,,,,,,,,,,,,,,,,,,,,,,,,,,,,,,,,,,,,,,,,,,,,,,
,,,,,,,,,,,,,,,,,,,,-1.354917e-22,-1.3549172000000002e-22,-1.354917e-22,0.5,-1.3549172000000002e-22,-1.3549175000000002e-22,-1.3549172000000002e-22,-1.3549172000000002e-22,0.5,-1.1352890000000002e-22,,,,,,,,,,,,,,,,,,,,,,,,,,,,,,,,,,,,,,,,,,,,,,,,,,,,,,,,,,,,,,,,,,,,,,,,,,,,,,,,,,,,,,,,,,,,,,,,,,,,,,,,,,,,,,,,,,,,,,,,,,,,,,,,,,,,,,,,,,,,,,,,,,,,,,,,,,,,,,,,,,,,,,,,,,
,,,,,,,,,,,,,,,,,,,,-2.9173537e-23,3.7707248e-24,-7.210733e-24,-2.917356e-23,0.5,-7.210708999999999e-24,3.7707228e-24,-7.210706e-24,1.475211e-23,0.5,,,,,,,,,,,,,,,,,,,,,,,,,,,,,,,,,,,,,,,,,,,,,,,,,,,,,,,,,,,,,,,,,,,,,,,,,,,,,,,,,,,,,,,,,,,,,,,,,,,,,,,,,,,,,,,,,,,,,,,,,,,,,,,,,,,,,,,,,,,,,,,,,,,,,,,,,,,,,,,,,,,,,,,,,,
,,,,,,,,,,,,,,,,,,,,,,,,,,,,,,0.5,-1.7530146e-23,-1.753013e-23,-1.7530127e-23,-1.7530133e-23,0.5,-1.7530124e-23,-1.7530157e-23,-1.7530143e-23,-1.7530125e-23,,,,,,,,,,,,,,,,,,,,,,,,,,,,,,,,,,,,,,,,,,,,,,,,,,,,,,,,,,,,,,,,,,,,,,,,,,,,,,,,,,,,,,,,,,,,,,,,,,,,,,,,,,,,,,,,,,,,,,,,,,,,,,,,,,,,,,,,,,,,,,,,,,,,,,,,,,,,,,,,
,,,,,,,,,,,,,,,,,,,,,,,,,,,,,,2.9910348e-24,0.5,2.9910967e-24,2.991067e-24,2.991085e-24,2.9910434e-24,0.5,1.3972506e-23,2.9910766e-24,-1.897176e-23,,,,,,,,,,,,,,,,,,,,,,,,,,,,,,,,,,,,,,,,,,,,,,,,,,,,,,,,,,,,,,,,,,,,,,,,,,,,,,,,,,,,,,,,,,,,,,,,,,,,,,,,,,,,,,,,,,,,,,,,,,,,,,,,,,,,,,,,,,,,,,,,,,,,,,,,,,,,,,,,
,,,,,,,,,,,,,,,,,,,,,,,,,,,,,,6.477834000000001e-23,5.379698e-23,0.5,6.4778355e-23,6.477833e-23,8.6741176e-23,5.379696000000001e-23,0.5,4.2815536e-23,6.477831000000001e-23,,,,,,,,,,,,,,,,,,,,,,,,,,,,,,,,,,,,,,,,,,,,,,,,,,,,,,,,,,,,,,,,,,,,,,,,,,,,,,,,,,,,,,,,,,,,,,,,,,,,,,,,,,,,,,,,,,,,,,,,,,,,,,,,,,,,,,,,,,,,,,,,,,,,,,,,,,,,,,,,
,,,,,,,,,,,,,,,,,,,,,,,,,,,,,,-4.7763145e-23,-4.7763155e-23,-2.5800362e-23,0.5,-4.776315000000001e-23,-4.776317000000001e-23,-2.5800346e-23,-2.5800346e-23,0.5,-4.7763152e-23,,,,,,,,,,,,,,,,,,,,,,,,,,,,,,,,,,,,,,,,,,,,,,,,,,,,,,,,,,,,,,,,,,,,,,,,,,,,,,,,,,,,,,,,,,,,,,,,,,,,,,,,,,,,,,,,,,,,,,,,,,,,,,,,,,,,,,,,,,,,,,,,,,,,,,,,,,,,,,,,
,,,,,,,,,,,,,,,,,,,,,,,,,,,,,,-5.1061505e-23,-7.3024305e-23,-5.1061515e-23,-7.302434e-23,0.5,-7.302436000000001e-23,-6.204291e-23,-7.1358796e-24,-5.1061496e-23,0.5,,,,,,,,,,,,,,,,,,,,,,,,,,,,,,,,,,,,,,,,,,,,,,,,,,,,,,,,,,,,,,,,,,,,,,,,,,,,,,,,,,,,,,,,,,,,,,,,,,,,,,,,,,,,,,,,,,,,,,,,,,,,,,,,,,,,,,,,,,,,,,,,,,,,,,,,,,,,,,,,
,,,,,,,,,,,,,,,,,,,,,,,,,,,,,,0.5,-6.1310793e-23,-3.9347975e-23,-3.9347947e-23,-3.9347947e-23,0.5,-3.9347972e-23,-1.7385125e-23,-3.9347920000000003e-23,-6.131075e-23,,,,,,,,,,,,,,,,,,,,,,,,,,,,,,,,,,,,,,,,,,,,,,,,,,,,,,,,,,,,,,,,,,,,,,,,,,,,,,,,,,,,,,,,,,,,,,,,,,,,,,,,,,,,,,,,,,,,,,,,,,,,,,,,,,,,,,,,,,,,,,,,,,,,,,,,,,,,,,,,
,,,,,,,,,,,,,,,,,,,,,,,,,,,,,,-8.496357000000001e-23,0.5,-7.398213000000001e-23,-6.300075000000001e-23,-6.300073499999999e-23,-6.300073499999999e-23,0.5,-5.201931e-23,-8.496355000000001e-23,-5.201934e-23,,,,,,,,,,,,,,,,,,,,,,,,,,,,,,,,,,,,,,,,,,,,,,,,,,,,,,,,,,,,,,,,,,,,,,,,,,,,,,,,,,,,,,,,,,,,,,,,,,,,,,,,,,,,,,,,,,,,,,,,,,,,,,,,,,,,,,,,,,,,,,,,,,,,,,,,,,,,,,,,
,,,,,,,,,,,,,,,,,,,,,,,,,,,,,,-6.703837000000001e-23,-8.900116000000001e-23,0.5,-1.1096401e-22,-6.703838e-23,-8.9001225e-23,-8.900117000000001e-23,0.5,-1.1096404e-22,-6.703841e-23,,,,,,,,,,,,,,,,,,,,,,,,,,,,,,,,,,,,,,,,,,,,,,,,,,,,,,,,,,,,,,,,,,,,,,,,,,,,,,,,,,,,,,,,,,,,,,,,,,,,,,,,,,,,,,,,,,,,,,,,,,,,,,,,,,,,,,,,,,,,,,,,,,,,,,,,,,,,,,,,
,,,,,,,,,,,,,,,,,,,,,,,,,,,,,,-3.743126e-24,-3.7431087e-24,-2.5705941e-23,0.5,-3.743063e-24,-3.7430866e-24,-3.743088e-24,-3.743085e-24,0.5,-3.7431115e-24,,,,,,,,,,,,,,,,,,,,,,,,,,,,,,,,,,,,,,,,,,,,,,,,,,,,,,,,,,,,,,,,,,,,,,,,,,,,,,,,,,,,,,,,,,,,,,,,,,,,,,,,,,,,,,,,,,,,,,,,,,,,,,,,,,,,,,,,,,,,,,,,,,,,,,,,,,,,,,,,
,,,,,,,,,,,,,,,,,,,,,,,,,,,,,,-2.9098034e-23,-2.909802e-23,-2.9098024e-23,-2.9098043e-23,0.5,-2.9098024e-23,-4.0079438e-23,-7.135218500000001e-24,-5.1060833e-23,0.5,,,,,,,,,,,,,,,,,,,,,,,,,,,,,,,,,,,,,,,,,,,,,,,,,,,,,,,,,,,,,,,,,,,,,,,,,,,,,,,,,,,,,,,,,,,,,,,,,,,,,,,,,,,,,,,,,,,,,,,,,,,,,,,,,,,,,,,,,,,,,,,,,,,,,,,,,,,,,,,,
,,,,,,,,,,,,,,,,,,,,,,,,,,,,,,,,,,,,,,,,0.5,-3.9192295e-23,-1.7229503e-23,-1.7229464e-23,-1.7229490000000006e-23,0.5,-1.7229462e-23,4.733344e-24,-1.7229489e-23,-1.7229478e-23,,,,,,,,,,,,,,,,,,,,,,,,,,,,,,,,,,,,,,,,,,,,,,,,,,,,,,,,,,,,,,,,,,,,,,,,,,,,,,,,,,,,,,,,,,,,,,,,,,,,,,,,,,,,,,,,,,,,,,,,,,,,,,,,,,,,,,,,,,,,,,,,,,,,,,
,,,,,,,,,,,,,,,,,,,,,,,,,,,,,,,,,,,,,,,,2.5177081e-23,0.5,2.5177101999999998e-23,3.2142258e-24,2.5177067e-23,2.5177076e-23,0.5,2.5177101999999998e-23,1.4195653e-23,2.5177067e-23,,,,,,,,,,,,,,,,,,,,,,,,,,,,,,,,,,,,,,,,,,,,,,,,,,,,,,,,,,,,,,,,,,,,,,,,,,,,,,,,,,,,,,,,,,,,,,,,,,,,,,,,,,,,,,,,,,,,,,,,,,,,,,,,,,,,,,,,,,,,,,,,,,,,,,
,,,,,,,,,,,,,,,,,,,,,,,,,,,,,,,,,,,,,,,,-1.0792797e-24,-1.2060676e-23,0.5,-2.30421e-23,-2.3042149e-23,-1.0792882000000001e-24,-1.2060674e-23,0.5,-2.3042117e-23,-1.0793174e-24,,,,,,,,,,,,,,,,,,,,,,,,,,,,,,,,,,,,,,,,,,,,,,,,,,,,,,,,,,,,,,,,,,,,,,,,,,,,,,,,,,,,,,,,,,,,,,,,,,,,,,,,,,,,,,,,,,,,,,,,,,,,,,,,,,,,,,,,,,,,,,,,,,,,,,
,,,,,,,,,,,,,,,,,,,,,,,,,,,,,,,,,,,,,,,,-2.5669461e-23,-2.5669447e-23,-2.566946000000001e-23,0.5,-3.7066704e-24,-2.566946000000001e-23,-2.5669463e-23,-2.5669483e-23,0.5,-3.70663e-24,,,,,,,,,,,,,,,,,,,,,,,,,,,,,,,,,,,,,,,,,,,,,,,,,,,,,,,,,,,,,,,,,,,,,,,,,,,,,,,,,,,,,,,,,,,,,,,,,,,,,,,,,,,,,,,,,,,,,,,,,,,,,,,,,,,,,,,,,,,,,,,,,,,,,,
,,,,,,,,,,,,,,,,,,,,,,,,,,,,,,,,,,,,,,,,-9.4906366e-23,-9.490635000000001e-23,-9.490638499999999e-23,-9.490638499999999e-23,0.5,-9.490638499999999e-23,-9.490634e-23,-7.294351000000001e-23,-9.490636000000001e-23,0.5,,,,,,,,,,,,,,,,,,,,,,,,,,,,,,,,,,,,,,,,,,,,,,,,,,,,,,,,,,,,,,,,,,,,,,,,,,,,,,,,,,,,,,,,,,,,,,,,,,,,,,,,,,,,,,,,,,,,,,,,,,,,,,,,,,,,,,,,,,,,,,,,,,,,,,
,,,,,,,,,,,,,,,,,,,,,,,,,,,,,,,,,,,,,,,,0.5,-1.2725653e-22,-1.05293727e-22,-1.0529372000000001e-22,-1.2725654000000002e-22,0.5,-1.0529373000000001e-22,-8.3330855e-23,-1.0529371000000001e-22,-1.0529372000000001e-22,,,,,,,,,,,,,,,,,,,,,,,,,,,,,,,,,,,,,,,,,,,,,,,,,,,,,,,,,,,,,,,,,,,,,,,,,,,,,,,,,,,,,,,,,,,,,,,,,,,,,,,,,,,,,,,,,,,,,,,,,,,,,,,,,,,,,,,,,,,,,,,,,,,,,,
,,,,,,,,,,,,,,,,,,,,,,,,,,,,,,,,,,,,,,,,-1.8750120999999998e-23,0.5,-1.875007e-23,3.2127609e-24,-1.8750092e-23,-1.8750110000000001e-23,0.5,-7.768647e-24,3.2127613e-24,-1.8750074e-23,,,,,,,,,,,,,,,,,,,,,,,,,,,,,,,,,,,,,,,,,,,,,,,,,,,,,,,,,,,,,,,,,,,,,,,,,,,,,,,,,,,,,,,,,,,,,,,,,,,,,,,,,,,,,,,,,,,,,,,,,,,,,,,,,,,,,,,,,,,,,,,,,,,,,,
,,,,,,,,,,,,,,,,,,,,,,,,,,,,,,,,,,,,,,,,2.0944891e-23,-1.0178779e-24,0.5,-1.0179385000000001e-24,2.0944887e-23,2.0944885e-23,-1.1999281999999999e-23,0.5,-1.0179036e-24,-1.0179442e-24,,,,,,,,,,,,,,,,,,,,,,,,,,,,,,,,,,,,,,,,,,,,,,,,,,,,,,,,,,,,,,,,,,,,,,,,,,,,,,,,,,,,,,,,,,,,,,,,,,,,,,,,,,,,,,,,,,,,,,,,,,,,,,,,,,,,,,,,,,,,,,,,,,,,,,
,,,,,,,,,,,,,,,,,,,,,,,,,,,,,,,,,,,,,,,,-9.146766e-23,-9.146763e-23,-9.1467627e-23,0.5,-9.146764000000001e-23,-9.1467665e-23,-9.146763e-23,-1.134305e-22,0.5,-6.950482e-23,,,,,,,,,,,,,,,,,,,,,,,,,,,,,,,,,,,,,,,,,,,,,,,,,,,,,,,,,,,,,,,,,,,,,,,,,,,,,,,,,,,,,,,,,,,,,,,,,,,,,,,,,,,,,,,,,,,,,,,,,,,,,,,,,,,,,,,,,,,,,,,,,,,,,,
,,,,,,,,,,,,,,,,,,,,,,,,,,,,,,,,,,,,,,,,-7.267223e-23,-9.463505000000001e-23,-7.2672246e-23,-7.267226499999999e-23,0.5,-9.4635055e-23,-8.365365000000001e-23,-5.0709468e-23,-9.4635055e-23,0.5,,,,,,,,,,,,,,,,,,,,,,,,,,,,,,,,,,,,,,,,,,,,,,,,,,,,,,,,,,,,,,,,,,,,,,,,,,,,,,,,,,,,,,,,,,,,,,,,,,,,,,,,,,,,,,,,,,,,,,,,,,,,,,,,,,,,,,,,,,,,,,,,,,,,,,
,,,,,,,,,,,,,,,,,,,,,,,,,,,,,,,,,,,,,,,,,,,,,,,,,,0.5,4.7306186e-24,4.8656265e-23,4.730587e-24,4.7306277e-24,0.5,4.730616e-24,2.6693434e-23,2.6693456e-23,1.5712025e-23,,,,,,,,,,,,,,,,,,,,,,,,,,,,,,,,,,,,,,,,,,,,,,,,,,,,,,,,,,,,,,,,,,,,,,,,,,,,,,,,,,,,,,,,,,,,,,,,,,,,,,,,,,,,,,,,,,,,,,,,,,,,,,,,,,,,,,,,,,,,
,,,,,,,,,,,,,,,,,,,,,,,,,,,,,,,,,,,,,,,,,,,,,,,,,,3.4400567e-24,0.5,-7.541314e-24,-1.8522720000000002e-23,-1.852274e-23,3.440067e-24,0.5,-1.8522713e-23,-1.8522733e-23,-7.541320000000001e-24,,,,,,,,,,,,,,,,,,,,,,,,,,,,,,,,,,,,,,,,,,,,,,,,,,,,,,,,,,,,,,,,,,,,,,,,,,,,,,,,,,,,,,,,,,,,,,,,,,,,,,,,,,,,,,,,,,,,,,,,,,,,,,,,,,,,,,,,,,,,
,,,,,,,,,,,,,,,,,,,,,,,,,,,,,,,,,,,,,,,,,,,,,,,,,,2.0825756e-23,2.0825805e-23,0.5,4.2788626e-23,2.0825797e-23,4.2788566e-23,4.2788626e-23,0.5,2.0825769e-23,4.2788604e-23,,,,,,,,,,,,,,,,,,,,,,,,,,,,,,,,,,,,,,,,,,,,,,,,,,,,,,,,,,,,,,,,,,,,,,,,,,,,,,,,,,,,,,,,,,,,,,,,,,,,,,,,,,,,,,,,,,,,,,,,,,,,,,,,,,,,,,,,,,,,
,,,,,,,,,,,,,,,,,,,,,,,,,,,,,,,,,,,,,,,,,,,,,,,,,,-1.131493e-22,-1.2413073e-22,-1.3511218000000001e-22,0.5,-1.1314931000000001e-22,-1.1314934000000001e-22,-1.1314931000000001e-22,-1.1314932000000002e-22,0.5,-1.1314934000000001e-22,,,,,,,,,,,,,,,,,,,,,,,,,,,,,,,,,,,,,,,,,,,,,,,,,,,,,,,,,,,,,,,,,,,,,,,,,,,,,,,,,,,,,,,,,,,,,,,,,,,,,,,,,,,,,,,,,,,,,,,,,,,,,,,,,,,,,,,,,,,,
,,,,,,,,,,,,,,,,,,,,,,,,,,,,,,,,,,,,,,,,,,,,,,,,,,-1.1658883e-22,-1.1658883e-22,-9.462602000000001e-23,-1.1658886e-22,0.5,-1.0560741000000001e-22,-1.0560741000000001e-22,-1.1658890000000002e-22,-1.1658885e-22,0.5,,,,,,,,,,,,,,,,,,,,,,,,,,,,,,,,,,,,,,,,,,,,,,,,,,,,,,,,,,,,,,,,,,,,,,,,,,,,,,,,,,,,,,,,,,,,,,,,,,,,,,,,,,,,,,,,,,,,,,,,,,,,,,,,,,,,,,,,,,,,
,,,,,,,,,,,,,,,,,,,,,,,,,,,,,,,,,,,,,,,,,,,,,,,,,,0.5,-1.7255495e-23,4.7073172e-24,-1.7255487e-23,-6.274065e-24,0.5,-1.7255487999999998e-23,-1.7255502e-23,-1.7255525999999998e-23,-2.8236882e-23,,,,,,,,,,,,,,,,,,,,,,,,,,,,,,,,,,,,,,,,,,,,,,,,,,,,,,,,,,,,,,,,,,,,,,,,,,,,,,,,,,,,,,,,,,,,,,,,,,,,,,,,,,,,,,,,,,,,,,,,,,,,,,,,,,,,,,,,,,,,
,,,,,,,,,,,,,,,,,,,,,,,,,,,,,,,,,,,,,,,,,,,,,,,,,,-4.0559795e-23,0.5,-5.154118e-23,-4.0559790000000004e-23,-5.1541196e-23,-4.0559817e-23,0.5,-2.9578374e-23,-4.05598e-23,-5.15412e-23,,,,,,,,,,,,,,,,,,,,,,,,,,,,,,,,,,,,,,,,,,,,,,,,,,,,,,,,,,,,,,,,,,,,,,,,,,,,,,,,,,,,,,,,,,,,,,,,,,,,,,,,,,,,,,,,,,,,,,,,,,,,,,,,,,,,,,,,,,,,
,,,,,,,,,,,,,,,,,,,,,,,,,,,,,,,,,,,,,,,,,,,,,,,,,,2.0842570000000002e-23,-1.1202411e-24,0.5,-1.1202807e-24,-1.1202943e-24,-1.1202868e-24,-1.1202272e-24,0.5,2.0842571e-23,-1.1203032e-24,,,,,,,,,,,,,,,,,,,,,,,,,,,,,,,,,,,,,,,,,,,,,,,,,,,,,,,,,,,,,,,,,,,,,,,,,,,,,,,,,,,,,,,,,,,,,,,,,,,,,,,,,,,,,,,,,,,,,,,,,,,,,,,,,,,,,,,,,,,,
,,,,,,,,,,,,,,,,,,,,,,,,,,,,,,,,,,,,,,,,,,,,,,,,,,-4.741906000000001e-23,-4.7419032e-23,-4.7419035e-23,0.5,-6.938187000000001e-23,-4.7419035e-23,-4.7419038e-23,-4.7419038e-23,0.5,-6.938188000000001e-23,,,,,,,,,,,,,,,,,,,,,,,,,,,,,,,,,,,,,,,,,,,,,,,,,,,,,,,,,,,,,,,,,,,,,,,,,,,,,,,,,,,,,,,,,,,,,,,,,,,,,,,,,,,,,,,,,,,,,,,,,,,,,,,,,,,,,,,,,,,,
,,,,,,,,,,,,,,,,,,,,,,,,,,,,,,,,,,,,,,,,,,,,,,,,,,1.5714164e-23,1.5714198e-23,1.5714164e-23,1.571419e-23,0.5,3.767703000000001e-23,2.6695586e-23,1.5714175e-23,3.7677e-23,0.5,,,,,,,,,,,,,,,,,,,,,,,,,,,,,,,,,,,,,,,,,,,,,,,,,,,,,,,,,,,,,,,,,,,,,,,,,,,,,,,,,,,,,,,,,,,,,,,,,,,,,,,,,,,,,,,,,,,,,,,,,,,,,,,,,,,,,,,,,,,,
,,,,,,,,,,,,,,,,,,,,,,,,,,,,,,,,,,,,,,,,,,,,,,,,,,,,,,,,,,,,0.5,-1.7154531e-23,2.677115e-23,4.8082776e-24,-6.1731032e-24,0.5,-1.7154512e-23,2.677115e-23,4.8082855e-24,4.8082993000000005e-24,,,,,,,,,,,,,,,,,,,,,,,,,,,,,,,,,,,,,,,,,,,,,,,,,,,,,,,,,,,,,,,,,,,,,,,,,,,,,,,,,,,,,,,,,,,,,,,,,,,,,,,,,,,,,,,,,,,,,,,,,,,,,,,,,,
,,,,,,,,,,,,,,,,,,,,,,,,,,,,,,,,,,,,,,,,,,,,,,,,,,,,,,,,,,,,-1.8533125999999998e-23,0.5,1.4411159e-23,3.4297373e-24,-7.551666e-24,3.4296969999999996e-24,0.5,1.441118e-23,1.4411138e-23,-7.551689e-24,,,,,,,,,,,,,,,,,,,,,,,,,,,,,,,,,,,,,,,,,,,,,,,,,,,,,,,,,,,,,,,,,,,,,,,,,,,,,,,,,,,,,,,,,,,,,,,,,,,,,,,,,,,,,,,,,,,,,,,,,,,,,,,,,,
,,,,,,,,,,,,,,,,,,,,,,,,,,,,,,,,,,,,,,,,,,,,,,,,,,,,,,,,,,,,-8.893479599999999e-23,-9.991618000000001e-23,0.5,-8.8934784e-23,-6.697196000000001e-23,-1.1089762000000001e-22,-1.1089761e-22,0.5,-8.8934784e-23,-6.697197e-23,,,,,,,,,,,,,,,,,,,,,,,,,,,,,,,,,,,,,,,,,,,,,,,,,,,,,,,,,,,,,,,,,,,,,,,,,,,,,,,,,,,,,,,,,,,,,,,,,,,,,,,,,,,,,,,,,,,,,,,,,,,,,,,,,,
,,,,,,,,,,,,,,,,,,,,,,,,,,,,,,,,,,,,,,,,,,,,,,,,,,,,,,,,,,,,-1.1310647e-22,-9.114362000000001e-23,-1.131065e-22,0.5,-9.1143695e-23,-9.114365000000001e-23,-9.114364499999999e-23,-9.114367000000001e-23,0.5,-1.131065e-22,,,,,,,,,,,,,,,,,,,,,,,,,,,,,,,,,,,,,,,,,,,,,,,,,,,,,,,,,,,,,,,,,,,,,,,,,,,,,,,,,,,,,,,,,,,,,,,,,,,,,,,,,,,,,,,,,,,,,,,,,,,,,,,,,,
,,,,,,,,,,,,,,,,,,,,,,,,,,,,,,,,,,,,,,,,,,,,,,,,,,,,,,,,,,,,-5.047367000000001e-23,-6.145512e-23,-5.0473697e-23,-7.2436585e-23,0.5,-7.24365e-23,-5.0473678e-23,-5.0473705999999996e-23,-5.0473710000000003e-23,0.5,,,,,,,,,,,,,,,,,,,,,,,,,,,,,,,,,,,,,,,,,,,,,,,,,,,,,,,,,,,,,,,,,,,,,,,,,,,,,,,,,,,,,,,,,,,,,,,,,,,,,,,,,,,,,,,,,,,,,,,,,,,,,,,,,,
,,,,,,,,,,,,,,,,,,,,,,,,,,,,,,,,,,,,,,,,,,,,,,,,,,,,,,,,,,,,0.5,2.677834e-23,2.6778256e-23,4.8741146999999997e-23,3.775976e-23,0.5,2.677834e-23,2.6778294e-23,2.6778328e-23,1.579695e-23,,,,,,,,,,,,,,,,,,,,,,,,,,,,,,,,,,,,,,,,,,,,,,,,,,,,,,,,,,,,,,,,,,,,,,,,,,,,,,,,,,,,,,,,,,,,,,,,,,,,,,,,,,,,,,,,,,,,,,,,,,,,,,,,,,
,,,,,,,,,,,,,,,,,,,,,,,,,,,,,,,,,,,,,,,,,,,,,,,,,,,,,,,,,,,,-6.245023e-23,0.5,-5.1468797e-23,-4.04874e-23,-2.9506017e-23,-1.8524604e-23,0.5,-2.9505973e-23,-4.048738e-23,-5.1468816e-23,,,,,,,,,,,,,,,,,,,,,,,,,,,,,,,,,,,,,,,,,,,,,,,,,,,,,,,,,,,,,,,,,,,,,,,,,,,,,,,,,,,,,,,,,,,,,,,,,,,,,,,,,,,,,,,,,,,,,,,,,,,,,,,,,,
,,,,,,,,,,,,,,,,,,,,,,,,,,,,,,,,,,,,,,,,,,,,,,,,,,,,,,,,,,,,-2.2970699e-23,-3.3952065e-23,0.5,-4.4933550000000004e-23,-2.297074000000001e-23,-4.4933583e-23,-4.4933482e-23,0.5,-4.4933517e-23,-4.4933550000000004e-23,,,,,,,,,,,,,,,,,,,,,,,,,,,,,,,,,,,,,,,,,,,,,,,,,,,,,,,,,,,,,,,,,,,,,,,,,,,,,,,,,,,,,,,,,,,,,,,,,,,,,,,,,,,,,,,,,,,,,,,,,,,,,,,,,,
,,,,,,,,,,,,,,,,,,,,,,,,,,,,,,,,,,,,,,,,,,,,,,,,,,,,,,,,,,,,-2.5394938e-23,-1.4413512999999998e-23,-3.432105e-24,0.5,-2.5394953e-23,-2.5394922e-23,-2.5394922e-23,-4.7357775e-23,0.5,-2.5394906e-23,,,,,,,,,,,,,,,,,,,,,,,,,,,,,,,,,,,,,,,,,,,,,,,,,,,,,,,,,,,,,,,,,,,,,,,,,,,,,,,,,,,,,,,,,,,,,,,,,,,,,,,,,,,,,,,,,,,,,,,,,,,,,,,,,,
,,,,,,,,,,,,,,,,,,,,,,,,,,,,,,,,,,,,,,,,,,,,,,,,,,,,,,,,,,,,-1.7334363e-23,-1.7334347e-23,-6.3529623e-24,-2.8315793e-23,0.5,-1.7334362e-23,-6.3529564000000006e-24,-6.3529852e-24,-6.3529473000000005e-24,0.5,,,,,,,,,,,,,,,,,,,,,,,,,,,,,,,,,,,,,,,,,,,,,,,,,,,,,,,,,,,,,,,,,,,,,,,,,,,,,,,,,,,,,,,,,,,,,,,,,,,,,,,,,,,,,,,,,,,,,,,,,,,,,,,,,,
,,,,,,,,,,,,,,,,,,,,,,,,,,,,,,,,,,,,,,,,,,,,,,,,,,,,,,,,,,,,,,,,,,,,,,0.5,-8.289225000000001e-23,-8.289222000000001e-23,-8.2892204e-23,-8.289221599999999e-23,0.5,-8.289224000000001e-23,-8.289221599999999e-23,-8.289221599999999e-23,-8.2892204e-23,,,,,,,,,,,,,,,,,,,,,,,,,,,,,,,,,,,,,,,,,,,,,,,,,,,,,,,,,,,,,,,,,,,,,,,,,,,,,,,,,,,,,,,,,,,,,,,,,,,,,,,,,,,,,,,,,,,,,,,,
,,,,,,,,,,,,,,,,,,,,,,,,,,,,,,,,,,,,,,,,,,,,,,,,,,,,,,,,,,,,,,,,,,,,,,-8.433174e-23,0.5,-8.433171e-23,-9.531315000000001e-23,-8.433175000000001e-23,-8.433177e-23,0.5,-7.335029e-23,-8.4331724e-23,-8.433173000000001e-23,,,,,,,,,,,,,,,,,,,,,,,,,,,,,,,,,,,,,,,,,,,,,,,,,,,,,,,,,,,,,,,,,,,,,,,,,,,,,,,,,,,,,,,,,,,,,,,,,,,,,,,,,,,,,,,,,,,,,,,,
,,,,,,,,,,,,,,,,,,,,,,,,,,,,,,,,,,,,,,,,,,,,,,,,,,,,,,,,,,,,,,,,,,,,,,2.0868533e-23,-1.2075708e-23,0.5,-2.3057114e-23,2.0868496e-23,-1.0943052e-24,-1.0942748e-24,0.5,-1.0942876e-24,2.0868493e-23,,,,,,,,,,,,,,,,,,,,,,,,,,,,,,,,,,,,,,,,,,,,,,,,,,,,,,,,,,,,,,,,,,,,,,,,,,,,,,,,,,,,,,,,,,,,,,,,,,,,,,,,,,,,,,,,,,,,,,,,
,,,,,,,,,,,,,,,,,,,,,,,,,,,,,,,,,,,,,,,,,,,,,,,,,,,,,,,,,,,,,,,,,,,,,,-2.5280940000000012e-23,-3.6262330000000004e-23,-4.7243744e-23,0.5,-2.528093000000001e-23,-2.5280933e-23,-2.5280925e-23,-4.7243800000000004e-23,0.5,-2.5280961e-23,,,,,,,,,,,,,,,,,,,,,,,,,,,,,,,,,,,,,,,,,,,,,,,,,,,,,,,,,,,,,,,,,,,,,,,,,,,,,,,,,,,,,,,,,,,,,,,,,,,,,,,,,,,,,,,,,,,,,,,,
,,,,,,,,,,,,,,,,,,,,,,,,,,,,,,,,,,,,,,,,,,,,,,,,,,,,,,,,,,,,,,,,,,,,,,2.6567803e-23,1.5586367e-23,3.7549157e-23,3.7549202e-23,0.5,2.6567807e-23,1.5586363e-23,3.7549142e-23,1.5586347e-23,0.5,,,,,,,,,,,,,,,,,,,,,,,,,,,,,,,,,,,,,,,,,,,,,,,,,,,,,,,,,,,,,,,,,,,,,,,,,,,,,,,,,,,,,,,,,,,,,,,,,,,,,,,,,,,,,,,,,,,,,,,,
,,,,,,,,,,,,,,,,,,,,,,,,,,,,,,,,,,,,,,,,,,,,,,,,,,,,,,,,,,,,,,,,,,,,,,0.5,4.867617e-24,2.683044e-23,-1.7095212e-23,-1.7095184e-23,0.5,4.8676244e-24,4.8676197e-24,-1.7095184e-23,-6.1137588e-24,,,,,,,,,,,,,,,,,,,,,,,,,,,,,,,,,,,,,,,,,,,,,,,,,,,,,,,,,,,,,,,,,,,,,,,,,,,,,,,,,,,,,,,,,,,,,,,,,,,,,,,,,,,,,,,,,,,,,,,,
,,,,,,,,,,,,,,,,,,,,,,,,,,,,,,,,,,,,,,,,,,,,,,,,,,,,,,,,,,,,,,,,,,,,,,-4.0393825e-23,0.5,-5.1375185e-23,-5.1375207e-23,-5.137522000000001e-23,-6.235663e-23,0.5,-5.1375188e-23,-4.039378e-23,-5.137522000000001e-23,,,,,,,,,,,,,,,,,,,,,,,,,,,,,,,,,,,,,,,,,,,,,,,,,,,,,,,,,,,,,,,,,,,,,,,,,,,,,,,,,,,,,,,,,,,,,,,,,,,,,,,,,,,,,,,,,,,,,,,,
,,,,,,,,,,,,,,,,,,,,,,,,,,,,,,,,,,,,,,,,,,,,,,,,,,,,,,,,,,,,,,,,,,,,,,-2.2849276e-23,-2.284922e-23,0.5,-4.4812102e-23,-4.4812086e-23,-2.2849266e-23,-2.28492e-23,0.5,-8.864325e-25,-8.864466e-25,,,,,,,,,,,,,,,,,,,,,,,,,,,,,,,,,,,,,,,,,,,,,,,,,,,,,,,,,,,,,,,,,,,,,,,,,,,,,,,,,,,,,,,,,,,,,,,,,,,,,,,,,,,,,,,,,,,,,,,,
,,,,,,,,,,,,,,,,,,,,,,,,,,,,,,,,,,,,,,,,,,,,,,,,,,,,,,,,,,,,,,,,,,,,,,-2.5209489e-23,-3.619091e-23,-2.5209565e-23,0.5,-2.5209546e-23,-4.7172345e-23,-3.619092000000001e-23,-4.717232000000001e-23,0.5,-4.7172364e-23,,,,,,,,,,,,,,,,,,,,,,,,,,,,,,,,,,,,,,,,,,,,,,,,,,,,,,,,,,,,,,,,,,,,,,,,,,,,,,,,,,,,,,,,,,,,,,,,,,,,,,,,,,,,,,,,,,,,,,,,
,,,,,,,,,,,,,,,,,,,,,,,,,,,,,,,,,,,,,,,,,,,,,,,,,,,,,,,,,,,,,,,,,,,,,,-2.821173e-23,-3.9193144e-23,-2.8211767e-23,-2.8211752e-23,0.5,-3.9193130000000003e-23,-5.0174583e-23,-2.8211752e-23,-5.0174576e-23,0.5,,,,,,,,,,,,,,,,,,,,,,,,,,,,,,,,,,,,,,,,,,,,,,,,,,,,,,,,,,,,,,,,,,,,,,,,,,,,,,,,,,,,,,,,,,,,,,,,,,,,,,,,,,,,,,,,,,,,,,,,
,,,,,,,,,,,,,,,,,,,,,,,,,,,,,,,,,,,,,,,,,,,,,,,,,,,,,,,,,,,,,,,,,,,,,,,,,,,,,,,,0.5,-1.04813595e-22,-1.04813626e-22,-1.0481361000000001e-22,-1.3775782000000001e-22,0.5,-1.2677642000000002e-22,-1.04813613e-22,-1.2677642000000002e-22,-1.15795e-22,,,,,,,,,,,,,,,,,,,,,,,,,,,,,,,,,,,,,,,,,,,,,,,,,,,,,,,,,,,,,,,,,,,,,,,,,,,,,,,,,,,,,,,,,,,,,,,,,,,,,,,,,,,,,,
,,,,,,,,,,,,,,,,,,,,,,,,,,,,,,,,,,,,,,,,,,,,,,,,,,,,,,,,,,,,,,,,,,,,,,,,,,,,,,,,-1.8362661e-23,0.5,-4.0325440000000004e-23,-4.0325461999999997e-23,-2.9344067e-23,-1.8362643e-23,0.5,-1.8362630000000002e-23,-2.9344042e-23,-1.8362648e-23,,,,,,,,,,,,,,,,,,,,,,,,,,,,,,,,,,,,,,,,,,,,,,,,,,,,,,,,,,,,,,,,,,,,,,,,,,,,,,,,,,,,,,,,,,,,,,,,,,,,,,,,,,,,,,
,,,,,,,,,,,,,,,,,,,,,,,,,,,,,,,,,,,,,,,,,,,,,,,,,,,,,,,,,,,,,,,,,,,,,,,,,,,,,,,,-4.4749173e-23,-2.2786284e-23,0.5,-2.2786350000000002e-23,-4.4749148e-23,-2.2786350000000002e-23,-2.2786293e-23,0.5,-8.235314e-25,-2.2786323e-23,,,,,,,,,,,,,,,,,,,,,,,,,,,,,,,,,,,,,,,,,,,,,,,,,,,,,,,,,,,,,,,,,,,,,,,,,,,,,,,,,,,,,,,,,,,,,,,,,,,,,,,,,,,,,,
,,,,,,,,,,,,,,,,,,,,,,,,,,,,,,,,,,,,,,,,,,,,,,,,,,,,,,,,,,,,,,,,,,,,,,,,,,,,,,,,-4.6965102e-23,-4.696512e-23,-4.6965118e-23,0.5,-4.6965172e-23,-4.696514000000001e-23,-5.7946535e-23,-4.6965105e-23,0.5,-6.892794e-23,,,,,,,,,,,,,,,,,,,,,,,,,,,,,,,,,,,,,,,,,,,,,,,,,,,,,,,,,,,,,,,,,,,,,,,,,,,,,,,,,,,,,,,,,,,,,,,,,,,,,,,,,,,,,,
,,,,,,,,,,,,,,,,,,,,,,,,,,,,,,,,,,,,,,,,,,,,,,,,,,,,,,,,,,,,,,,,,,,,,,,,,,,,,,,,-1.0543995000000001e-22,-9.445855000000001e-23,-9.445857e-23,-1.1642137000000002e-22,0.5,-1.0543993000000001e-22,-9.445851e-23,-1.1642139e-22,-9.4458546e-23,0.5,,,,,,,,,,,,,,,,,,,,,,,,,,,,,,,,,,,,,,,,,,,,,,,,,,,,,,,,,,,,,,,,,,,,,,,,,,,,,,,,,,,,,,,,,,,,,,,,,,,,,,,,,,,,,,
,,,,,,,,,,,,,,,,,,,,,,,,,,,,,,,,,,,,,,,,,,,,,,,,,,,,,,,,,,,,,,,,,,,,,,,,,,,,,,,,0.5,-3.8967066e-23,-6.092990599999999e-23,-6.092988e-23,-6.092988e-23,0.5,-8.289272e-23,-1.7004277e-23,-3.896709000000001e-23,-4.9948473e-23,,,,,,,,,,,,,,,,,,,,,,,,,,,,,,,,,,,,,,,,,,,,,,,,,,,,,,,,,,,,,,,,,,,,,,,,,,,,,,,,,,,,,,,,,,,,,,,,,,,,,,,,,,,,,,
,,,,,,,,,,,,,,,,,,,,,,,,,,,,,,,,,,,,,,,,,,,,,,,,,,,,,,,,,,,,,,,,,,,,,,,,,,,,,,,,-1.842875e-23,0.5,-4.0391556e-23,-1.8428747e-23,-4.039155000000001e-23,-1.8428747e-23,0.5,-2.9410142e-23,-7.447318e-24,-2.9410173e-23,,,,,,,,,,,,,,,,,,,,,,,,,,,,,,,,,,,,,,,,,,,,,,,,,,,,,,,,,,,,,,,,,,,,,,,,,,,,,,,,,,,,,,,,,,,,,,,,,,,,,,,,,,,,,,
,,,,,,,,,,,,,,,,,,,,,,,,,,,,,,,,,,,,,,,,,,,,,,,,,,,,,,,,,,,,,,,,,,,,,,,,,,,,,,,,-2.2839222e-23,-4.480199000000001e-23,0.5,-2.2839213e-23,-2.2839218e-23,-2.2839191e-23,-4.4801982e-23,0.5,-4.480202e-23,-2.2839224e-23,,,,,,,,,,,,,,,,,,,,,,,,,,,,,,,,,,,,,,,,,,,,,,,,,,,,,,,,,,,,,,,,,,,,,,,,,,,,,,,,,,,,,,,,,,,,,,,,,,,,,,,,,,,,,,
,,,,,,,,,,,,,,,,,,,,,,,,,,,,,,,,,,,,,,,,,,,,,,,,,,,,,,,,,,,,,,,,,,,,,,,,,,,,,,,,-2.5146344e-23,-3.1835162e-24,-3.183538e-24,0.5,-3.1835182000000002e-24,-2.5146357e-23,-1.4164911e-23,-3.1834892e-24,0.5,-3.1835024e-24,,,,,,,,,,,,,,,,,,,,,,,,,,,,,,,,,,,,,,,,,,,,,,,,,,,,,,,,,,,,,,,,,,,,,,,,,,,,,,,,,,,,,,,,,,,,,,,,,,,,,,,,,,,,,,
,,,,,,,,,,,,,,,,,,,,,,,,,,,,,,,,,,,,,,,,,,,,,,,,,,,,,,,,,,,,,,,,,,,,,,,,,,,,,,,,2.6846738e-23,3.7828126999999997e-23,1.5865296e-23,3.7828152e-23,0.5,4.8809563e-23,2.6846723e-23,3.7828137e-23,3.7828146e-23,0.5,,,,,,,,,,,,,,,,,,,,,,,,,,,,,,,,,,,,,,,,,,,,,,,,,,,,,,,,,,,,,,,,,,,,,,,,,,,,,,,,,,,,,,,,,,,,,,,,,,,,,,,,,,,,,,
,,,,,,,,,,,,,,,,,,,,,,,,,,,,,,,,,,,,,,,,,,,,,,,,,,,,,,,,,,,,,,,,,,,,,,,,,,,,,,,,,,,,,,,,,,0.5,-8.274137e-23,-8.2741386e-23,-6.077854e-23,-6.077854e-23,0.5,-6.077856000000001e-23,-6.077854e-23,-6.0778584e-23,-6.0778514e-23,,,,,,,,,,,,,,,,,,,,,,,,,,,,,,,,,,,,,,,,,,,,,,,,,,,,,,,,,,,,,,,,,,,,,,,,,,,,,,,,,,,,,,,,,,,,,,,,,,,,
,,,,,,,,,,,,,,,,,,,,,,,,,,,,,,,,,,,,,,,,,,,,,,,,,,,,,,,,,,,,,,,,,,,,,,,,,,,,,,,,,,,,,,,,,,-1.8212399e-23,0.5,-1.8212326e-23,-7.230945e-24,-2.919379e-23,-1.8212418e-23,0.5,-4.0175143e-23,-1.821236e-23,-1.8212362e-23,,,,,,,,,,,,,,,,,,,,,,,,,,,,,,,,,,,,,,,,,,,,,,,,,,,,,,,,,,,,,,,,,,,,,,,,,,,,,,,,,,,,,,,,,,,,,,,,,,,,
,,,,,,,,,,,,,,,,,,,,,,,,,,,,,,,,,,,,,,,,,,,,,,,,,,,,,,,,,,,,,,,,,,,,,,,,,,,,,,,,,,,,,,,,,,-9.272589e-25,2.1035636e-23,0.5,2.1035561e-23,2.1035568e-23,2.1035572e-23,2.1035624e-23,0.5,2.1035549e-23,2.1035568e-23,,,,,,,,,,,,,,,,,,,,,,,,,,,,,,,,,,,,,,,,,,,,,,,,,,,,,,,,,,,,,,,,,,,,,,,,,,,,,,,,,,,,,,,,,,,,,,,,,,,,
,,,,,,,,,,,,,,,,,,,,,,,,,,,,,,,,,,,,,,,,,,,,,,,,,,,,,,,,,,,,,,,,,,,,,,,,,,,,,,,,,,,,,,,,,,6.286312000000001e-23,5.1881735e-23,6.286312000000001e-23,0.5,6.286312000000001e-23,6.286312000000001e-23,4.0900305e-23,4.090027000000001e-23,0.5,6.2863126e-23,,,,,,,,,,,,,,,,,,,,,,,,,,,,,,,,,,,,,,,,,,,,,,,,,,,,,,,,,,,,,,,,,,,,,,,,,,,,,,,,,,,,,,,,,,,,,,,,,,,,
,,,,,,,,,,,,,,,,,,,,,,,,,,,,,,,,,,,,,,,,,,,,,,,,,,,,,,,,,,,,,,,,,,,,,,,,,,,,,,,,,,,,,,,,,,-1.05215876e-22,-1.05215895e-22,-7.2271694e-23,-9.4234465e-23,0.5,-9.4234465e-23,-9.4234496e-23,-9.423449e-23,-9.4234496e-23,0.5,,,,,,,,,,,,,,,,,,,,,,,,,,,,,,,,,,,,,,,,,,,,,,,,,,,,,,,,,,,,,,,,,,,,,,,,,,,,,,,,,,,,,,,,,,,,,,,,,,,,
,,,,,,,,,,,,,,,,,,,,,,,,,,,,,,,,,,,,,,,,,,,,,,,,,,,,,,,,,,,,,,,,,,,,,,,,,,,,,,,,,,,,,,,,,,0.5,-8.288191e-23,-6.091912000000001e-23,-6.091909000000001e-23,-7.190048000000001e-23,0.5,-8.288194e-23,-6.091912000000001e-23,-6.0919114e-23,-8.288190000000001e-23,,,,,,,,,,,,,,,,,,,,,,,,,,,,,,,,,,,,,,,,,,,,,,,,,,,,,,,,,,,,,,,,,,,,,,,,,,,,,,,,,,,,,,,,,,,,,,,,,,,,
,,,,,,,,,,,,,,,,,,,,,,,,,,,,,,,,,,,,,,,,,,,,,,,,,,,,,,,,,,,,,,,,,,,,,,,,,,,,,,,,,,,,,,,,,,-6.229731000000001e-23,0.5,-7.327865e-23,-8.4260063e-23,-6.229732e-23,-6.229732e-23,0.5,-7.3278646e-23,-7.327868e-23,-6.229729e-23,,,,,,,,,,,,,,,,,,,,,,,,,,,,,,,,,,,,,,,,,,,,,,,,,,,,,,,,,,,,,,,,,,,,,,,,,,,,,,,,,,,,,,,,,,,,,,,,,,,,
,,,,,,,,,,,,,,,,,,,,,,,,,,,,,,,,,,,,,,,,,,,,,,,,,,,,,,,,,,,,,,,,,,,,,,,,,,,,,,,,,,,,,,,,,,-2.2733076e-23,-3.3714440000000004e-23,0.5,-4.469588e-23,-2.2733075e-23,-2.2733089e-23,-3.371446000000001e-23,0.5,-7.702791e-25,-4.4695925e-23,,,,,,,,,,,,,,,,,,,,,,,,,,,,,,,,,,,,,,,,,,,,,,,,,,,,,,,,,,,,,,,,,,,,,,,,,,,,,,,,,,,,,,,,,,,,,,,,,,,,
,,,,,,,,,,,,,,,,,,,,,,,,,,,,,,,,,,,,,,,,,,,,,,,,,,,,,,,,,,,,,,,,,,,,,,,,,,,,,,,,,,,,,,,,,,-6.900133e-23,-6.900132000000001e-23,-9.096418e-23,0.5,-6.900138000000001e-23,-9.0964176e-23,-7.9982733e-23,-6.900133e-23,0.5,-6.9001335e-23,,,,,,,,,,,,,,,,,,,,,,,,,,,,,,,,,,,,,,,,,,,,,,,,,,,,,,,,,,,,,,,,,,,,,,,,,,,,,,,,,,,,,,,,,,,,,,,,,,,,
,,,,,,,,,,,,,,,,,,,,,,,,,,,,,,,,,,,,,,,,,,,,,,,,,,,,,,,,,,,,,,,,,,,,,,,,,,,,,,,,,,,,,,,,,,-1.0497294e-22,-1.0497297000000001e-22,-9.3991616e-23,-9.399153e-23,0.5,-1.0497296e-22,-1.0497296e-22,-1.1595442e-22,-9.3991584e-23,0.5,,,,,,,,,,,,,,,,,,,,,,,,,,,,,,,,,,,,,,,,,,,,,,,,,,,,,,,,,,,,,,,,,,,,,,,,,,,,,,,,,,,,,,,,,,,,,,,,,,,,
,,,,,,,,,,,,,,,,,,,,,,,,,,,,,,,,,,,,,,,,,,,,,,,,,,,,,,,,,,,,,,,,,,,,,,,,,,,,,,,,,,,,,,,,,,,,,,,,,,,,0.5,-1.6694449e-23,5.2683547e-24,-1.6694450000000005e-23,-1.6694449e-23,0.5,-1.6694442e-23,-1.6694494999999998e-23,-3.8657296e-23,-2.767584e-23,,,,,,,,,,,,,,,,,,,,,,,,,,,,,,,,,,,,,,,,,,,,,,,,,,,,,,,,,,,,,,,,,,,,,,,,,,,,,,,,,,,,,,,,,,
,,,,,,,,,,,,,,,,,,,,,,,,,,,,,,,,,,,,,,,,,,,,,,,,,,,,,,,,,,,,,,,,,,,,,,,,,,,,,,,,,,,,,,,,,,,,,,,,,,,,-1.8157437e-23,0.5,-1.8157370000000002e-23,-7.175986e-24,-1.8157398e-23,-1.8157402e-23,0.5,-7.175963e-24,-2.913883e-23,-2.913882e-23,,,,,,,,,,,,,,,,,,,,,,,,,,,,,,,,,,,,,,,,,,,,,,,,,,,,,,,,,,,,,,,,,,,,,,,,,,,,,,,,,,,,,,,,,,
,,,,,,,,,,,,,,,,,,,,,,,,,,,,,,,,,,,,,,,,,,,,,,,,,,,,,,,,,,,,,,,,,,,,,,,,,,,,,,,,,,,,,,,,,,,,,,,,,,,,-1.1055838e-22,-1.2153971e-22,0.5,-1.1055835000000002e-22,-1.1055835000000002e-22,-1.1055838e-22,-1.215397e-22,0.5,-1.1055836e-22,-8.8595536e-23,,,,,,,,,,,,,,,,,,,,,,,,,,,,,,,,,,,,,,,,,,,,,,,,,,,,,,,,,,,,,,,,,,,,,,,,,,,,,,,,,,,,,,,,,,
,,,,,,,,,,,,,,,,,,,,,,,,,,,,,,,,,,,,,,,,,,,,,,,,,,,,,,,,,,,,,,,,,,,,,,,,,,,,,,,,,,,,,,,,,,,,,,,,,,,,-6.877339000000001e-23,-7.9754765e-23,-9.073622e-23,0.5,-9.0736227e-23,-9.0736214e-23,-9.073619499999999e-23,-9.0736227e-23,0.5,-6.877337299999999e-23,,,,,,,,,,,,,,,,,,,,,,,,,,,,,,,,,,,,,,,,,,,,,,,,,,,,,,,,,,,,,,,,,,,,,,,,,,,,,,,,,,,,,,,,,,
,,,,,,,,,,,,,,,,,,,,,,,,,,,,,,,,,,,,,,,,,,,,,,,,,,,,,,,,,,,,,,,,,,,,,,,,,,,,,,,,,,,,,,,,,,,,,,,,,,,,-1.2703581e-22,-1.05073016e-22,-1.1605446e-22,-1.1605443e-22,0.5,-1.2703580000000002e-22,-1.1605443e-22,-7.212881e-23,-1.1605444e-22,0.5,,,,,,,,,,,,,,,,,,,,,,,,,,,,,,,,,,,,,,,,,,,,,,,,,,,,,,,,,,,,,,,,,,,,,,,,,,,,,,,,,,,,,,,,,,
,,,,,,,,,,,,,,,,,,,,,,,,,,,,,,,,,,,,,,,,,,,,,,,,,,,,,,,,,,,,,,,,,,,,,,,,,,,,,,,,,,,,,,,,,,,,,,,,,,,,0.5,2.7169048e-23,4.9131848e-23,4.9131844e-23,4.9131876e-23,0.5,2.7168994e-23,2.7169004e-23,4.9131870000000003e-23,3.8150494e-23,,,,,,,,,,,,,,,,,,,,,,,,,,,,,,,,,,,,,,,,,,,,,,,,,,,,,,,,,,,,,,,,,,,,,,,,,,,,,,,,,,,,,,,,,,
,,,,,,,,,,,,,,,,,,,,,,,,,,,,,,,,,,,,,,,,,,,,,,,,,,,,,,,,,,,,,,,,,,,,,,,,,,,,,,,,,,,,,,,,,,,,,,,,,,,,3.7844643e-24,0.5,3.7844869999999996e-24,3.7844904e-24,3.7844565e-24,2.5747257e-23,0.5,2.5747336e-23,3.784497e-24,3.7844817e-24,,,,,,,,,,,,,,,,,,,,,,,,,,,,,,,,,,,,,,,,,,,,,,,,,,,,,,,,,,,,,,,,,,,,,,,,,,,,,,,,,,,,,,,,,,
,,,,,,,,,,,,,,,,,,,,,,,,,,,,,,,,,,,,,,,,,,,,,,,,,,,,,,,,,,,,,,,,,,,,,,,,,,,,,,,,,,,,,,,,,,,,,,,,,,,,-4.4598592e-23,-4.4598522999999996e-23,0.5,-4.4598563999999997e-23,-2.2635742e-23,-8.8524235e-23,-5.5579915e-23,0.5,-4.4598540000000003e-23,-2.2635769e-23,,,,,,,,,,,,,,,,,,,,,,,,,,,,,,,,,,,,,,,,,,,,,,,,,,,,,,,,,,,,,,,,,,,,,,,,,,,,,,,,,,,,,,,,,,
,,,,,,,,,,,,,,,,,,,,,,,,,,,,,,,,,,,,,,,,,,,,,,,,,,,,,,,,,,,,,,,,,,,,,,,,,,,,,,,,,,,,,,,,,,,,,,,,,,,,-6.878439e-23,-6.8784335e-23,-6.878437000000001e-23,0.5,-6.8784373e-23,-9.074721000000001e-23,-7.976575e-23,-6.878440499999999e-23,0.5,-6.878436e-23,,,,,,,,,,,,,,,,,,,,,,,,,,,,,,,,,,,,,,,,,,,,,,,,,,,,,,,,,,,,,,,,,,,,,,,,,,,,,,,,,,,,,,,,,,
,,,,,,,,,,,,,,,,,,,,,,,,,,,,,,,,,,,,,,,,,,,,,,,,,,,,,,,,,,,,,,,,,,,,,,,,,,,,,,,,,,,,,,,,,,,,,,,,,,,,-1.4899388000000001e-22,-1.709567e-22,-1.3801252e-22,-1.599753e-22,0.5,-1.7095668e-22,-1.709567e-22,-1.3801248000000002e-22,-1.3801248000000002e-22,0.5,,,,,,,,,,,,,,,,,,,,,,,,,,,,,,,,,,,,,,,,,,,,,,,,,,,,,,,,,,,,,,,,,,,,,,,,,,,,,,,,,,,,,,,,,,
,,,,,,,,,,,,,,,,,,,,,,,,,,,,,,,,,,,,,,,,,,,,,,,,,,,,,,,,,,,,,,,,,,,,,,,,,,,,,,,,,,,,,,,,,,,,,,,,,,,,,,,,,,,,,,0.5,5.304916e-24,5.3048955000000006e-24,5.3049523e-24,-5.6764656e-24,0.5,5.3049358e-24,5.3049464000000005e-24,5.3049184e-24,5.3049358e-24,,,,,,,,,,,,,,,,,,,,,,,,,,,,,,,,,,,,,,,,,,,,,,,,,,,,,,,,,,,,,,,,,,,,,,,,,,,,,,,,
,,,,,,,,,,,,,,,,,,,,,,,,,,,,,,,,,,,,,,,,,,,,,,,,,,,,,,,,,,,,,,,,,,,,,,,,,,,,,,,,,,,,,,,,,,,,,,,,,,,,,,,,,,,,,,-1.8040242e-23,0.5,-4.000302e-23,-5.0984437e-23,-4.0003083e-23,-4.0003067e-23,0.5,-2.90216e-23,-4.0003058e-23,-5.098446000000001e-23,,,,,,,,,,,,,,,,,,,,,,,,,,,,,,,,,,,,,,,,,,,,,,,,,,,,,,,,,,,,,,,,,,,,,,,,,,,,,,,,
,,,,,,,,,,,,,,,,,,,,,,,,,,,,,,,,,,,,,,,,,,,,,,,,,,,,,,,,,,,,,,,,,,,,,,,,,,,,,,,,,,,,,,,,,,,,,,,,,,,,,,,,,,,,,,-7.0098220000000005e-25,-2.2663783e-23,0.5,-7.0104805999999985e-25,2.1261818e-23,-2.2663846e-23,-2.2663788e-23,0.5,-4.4626688e-23,-7.0100260000000005e-25,,,,,,,,,,,,,,,,,,,,,,,,,,,,,,,,,,,,,,,,,,,,,,,,,,,,,,,,,,,,,,,,,,,,,,,,,,,,,,,,
,,,,,,,,,,,,,,,,,,,,,,,,,,,,,,,,,,,,,,,,,,,,,,,,,,,,,,,,,,,,,,,,,,,,,,,,,,,,,,,,,,,,,,,,,,,,,,,,,,,,,,,,,,,,,,-6.8532436e-23,-6.853243e-23,-6.8532474e-23,0.5,-6.853248000000001e-23,-6.853246e-23,-5.755102e-23,-6.8532474e-23,0.5,-6.8532487e-23,,,,,,,,,,,,,,,,,,,,,,,,,,,,,,,,,,,,,,,,,,,,,,,,,,,,,,,,,,,,,,,,,,,,,,,,,,,,,,,,
,,,,,,,,,,,,,,,,,,,,,,,,,,,,,,,,,,,,,,,,,,,,,,,,,,,,,,,,,,,,,,,,,,,,,,,,,,,,,,,,,,,,,,,,,,,,,,,,,,,,,,,,,,,,,,-8.3120134e-23,-6.1157325e-23,-2.8213146e-23,-9.4101614e-23,0.5,-7.213872000000001e-23,-9.410159000000001e-23,-9.410161e-23,-9.4101614e-23,0.5,,,,,,,,,,,,,,,,,,,,,,,,,,,,,,,,,,,,,,,,,,,,,,,,,,,,,,,,,,,,,,,,,,,,,,,,,,,,,,,,
,,,,,,,,,,,,,,,,,,,,,,,,,,,,,,,,,,,,,,,,,,,,,,,,,,,,,,,,,,,,,,,,,,,,,,,,,,,,,,,,,,,,,,,,,,,,,,,,,,,,,,,,,,,,,,0.5,-1.6668031e-23,5.2948147e-24,5.2948253000000005e-24,-5.686558e-24,0.5,-1.6668008e-23,5.2947725e-24,5.29482e-24,5.2948506e-24,,,,,,,,,,,,,,,,,,,,,,,,,,,,,,,,,,,,,,,,,,,,,,,,,,,,,,,,,,,,,,,,,,,,,,,,,,,,,,,,
,,,,,,,,,,,,,,,,,,,,,,,,,,,,,,,,,,,,,,,,,,,,,,,,,,,,,,,,,,,,,,,,,,,,,,,,,,,,,,,,,,,,,,,,,,,,,,,,,,,,,,,,,,,,,,4.7748223e-23,0.5,3.6766863e-23,2.5785441e-23,2.5785427e-23,4.774822000000001e-23,0.5,3.6766863e-23,3.6766870000000004e-23,3.6766820000000004e-23,,,,,,,,,,,,,,,,,,,,,,,,,,,,,,,,,,,,,,,,,,,,,,,,,,,,,,,,,,,,,,,,,,,,,,,,,,,,,,,,
,,,,,,,,,,,,,,,,,,,,,,,,,,,,,,,,,,,,,,,,,,,,,,,,,,,,,,,,,,,,,,,,,,,,,,,,,,,,,,,,,,,,,,,,,,,,,,,,,,,,,,,,,,,,,,-2.2518720000000002e-23,-4.4481506e-23,0.5,-6.6444404e-23,-6.644443e-23,-6.6444385e-23,-5.546293000000001e-23,0.5,-6.644441000000001e-23,-4.4481557e-23,,,,,,,,,,,,,,,,,,,,,,,,,,,,,,,,,,,,,,,,,,,,,,,,,,,,,,,,,,,,,,,,,,,,,,,,,,,,,,,,
,,,,,,,,,,,,,,,,,,,,,,,,,,,,,,,,,,,,,,,,,,,,,,,,,,,,,,,,,,,,,,,,,,,,,,,,,,,,,,,,,,,,,,,,,,,,,,,,,,,,,,,,,,,,,,-2.4740660000000002e-23,-1.3759219e-23,-2.4740690000000012e-23,0.5,-2.7778567000000003e-24,-2.4740658e-23,-1.3759201e-23,-2.4740690000000012e-23,0.5,-2.7778571e-24,,,,,,,,,,,,,,,,,,,,,,,,,,,,,,,,,,,,,,,,,,,,,,,,,,,,,,,,,,,,,,,,,,,,,,,,,,,,,,,,
,,,,,,,,,,,,,,,,,,,,,,,,,,,,,,,,,,,,,,,,,,,,,,,,,,,,,,,,,,,,,,,,,,,,,,,,,,,,,,,,,,,,,,,,,,,,,,,,,,,,,,,,,,,,,,2.6995082e-23,1.6013662e-23,3.7976460000000004e-23,1.6013648e-23,0.5,1.6013665e-23,5.0322463e-24,5.993926e-23,1.6013650000000002e-23,0.5,,,,,,,,,,,,,,,,,,,,,,,,,,,,,,,,,,,,,,,,,,,,,,,,,,,,,,,,,,,,,,,,,,,,,,,,,,,,,,,,
,,,,,,,,,,,,,,,,,,,,,,,,,,,,,,,,,,,,,,,,,,,,,,,,,,,,,,,,,,,,,,,,,,,,,,,,,,,,,,,,,,,,,,,,,,,,,,,,,,,,,,,,,,,,,,,,,,,,,,,,0.5,-3.859373000000001e-23,-3.8593736e-23,-3.8593723e-23,-3.8593676e-23,0.5,-3.859371000000001e-23,-3.8593726e-23,-3.8593706999999996e-23,-1.6630863e-23,,,,,,,,,,,,,,,,,,,,,,,,,,,,,,,,,,,,,,,,,,,,,,,,,,,,,,,,,,,,,,,,,,,,,,
,,,,,,,,,,,,,,,,,,,,,,,,,,,,,,,,,,,,,,,,,,,,,,,,,,,,,,,,,,,,,,,,,,,,,,,,,,,,,,,,,,,,,,,,,,,,,,,,,,,,,,,,,,,,,,,,,,,,,,,,-1.8075564e-23,0.5,-4.003833000000001e-23,-2.9056903e-23,-1.8075544e-23,-1.8075519e-23,0.5,-2.9056915e-23,-2.9056912e-23,-4.0038345e-23,,,,,,,,,,,,,,,,,,,,,,,,,,,,,,,,,,,,,,,,,,,,,,,,,,,,,,,,,,,,,,,,,,,,,,
,,,,,,,,,,,,,,,,,,,,,,,,,,,,,,,,,,,,,,,,,,,,,,,,,,,,,,,,,,,,,,,,,,,,,,,,,,,,,,,,,,,,,,,,,,,,,,,,,,,,,,,,,,,,,,,,,,,,,,,,-1.76307e-22,-1.6532553000000001e-22,0.5,-1.3238134000000001e-22,-1.3238136e-22,-1.76307e-22,-1.6532554000000002e-22,0.5,-1.7630702e-22,-1.3238139e-22,,,,,,,,,,,,,,,,,,,,,,,,,,,,,,,,,,,,,,,,,,,,,,,,,,,,,,,,,,,,,,,,,,,,,,
,,,,,,,,,,,,,,,,,,,,,,,,,,,,,,,,,,,,,,,,,,,,,,,,,,,,,,,,,,,,,,,,,,,,,,,,,,,,,,,,,,,,,,,,,,,,,,,,,,,,,,,,,,,,,,,,,,,,,,,,-1.7834136000000002e-22,-1.7834137000000005e-22,-1.5637856e-22,0.5,-1.7834138e-22,-1.5637856e-22,-1.7834134000000002e-22,-1.7834141e-22,0.5,-1.5637855000000002e-22,,,,,,,,,,,,,,,,,,,,,,,,,,,,,,,,,,,,,,,,,,,,,,,,,,,,,,,,,,,,,,,,,,,,,,
,,,,,,,,,,,,,,,,,,,,,,,,,,,,,,,,,,,,,,,,,,,,,,,,,,,,,,,,,,,,,,,,,,,,,,,,,,,,,,,,,,,,,,,,,,,,,,,,,,,,,,,,,,,,,,,,,,,,,,,,-3.895877e-23,-2.797737e-23,-6.0145927e-24,-2.7977420000000005e-23,0.5,-2.7977343e-23,-1.6995968999999998e-23,-6.0145516e-24,-4.9940228e-23,0.5,,,,,,,,,,,,,,,,,,,,,,,,,,,,,,,,,,,,,,,,,,,,,,,,,,,,,,,,,,,,,,,,,,,,,,
,,,,,,,,,,,,,,,,,,,,,,,,,,,,,,,,,,,,,,,,,,,,,,,,,,,,,,,,,,,,,,,,,,,,,,,,,,,,,,,,,,,,,,,,,,,,,,,,,,,,,,,,,,,,,,,,,,,,,,,,0.5,-6.0493994e-23,-3.8531190000000003e-23,-1.6568299e-23,-2.7549714e-23,0.5,-1.6568326999999998e-23,-1.6568348e-23,-6.049397e-23,-2.7549727e-23,,,,,,,,,,,,,,,,,,,,,,,,,,,,,,,,,,,,,,,,,,,,,,,,,,,,,,,,,,,,,,,,,,,,,,
,,,,,,,,,,,,,,,,,,,,,,,,,,,,,,,,,,,,,,,,,,,,,,,,,,,,,,,,,,,,,,,,,,,,,,,,,,,,,,,,,,,,,,,,,,,,,,,,,,,,,,,,,,,,,,,,,,,,,,,,-6.1966065e-23,0.5,-5.098459000000001e-23,-5.09846e-23,-6.1966046e-23,-4.000323e-23,0.5,-6.1965996e-23,-7.2947445e-23,-6.1966046e-23,,,,,,,,,,,,,,,,,,,,,,,,,,,,,,,,,,,,,,,,,,,,,,,,,,,,,,,,,,,,,,,,,,,,,,
,,,,,,,,,,,,,,,,,,,,,,,,,,,,,,,,,,,,,,,,,,,,,,,,,,,,,,,,,,,,,,,,,,,,,,,,,,,,,,,,,,,,,,,,,,,,,,,,,,,,,,,,,,,,,,,,,,,,,,,,-4.4401737e-23,-4.760016e-25,0.5,-2.2438854999999998e-23,2.1486757e-23,-4.7604383e-25,-1.1457438e-23,0.5,-4.7606666e-25,2.1486762999999999e-23,,,,,,,,,,,,,,,,,,,,,,,,,,,,,,,,,,,,,,,,,,,,,,,,,,,,,,,,,,,,,,,,,,,,,,
,,,,,,,,,,,,,,,,,,,,,,,,,,,,,,,,,,,,,,,,,,,,,,,,,,,,,,,,,,,,,,,,,,,,,,,,,,,,,,,,,,,,,,,,,,,,,,,,,,,,,,,,,,,,,,,,,,,,,,,,-9.055737000000001e-23,-9.055733000000001e-23,-1.125202e-22,0.5,-9.0557344e-23,-1.1252018000000002e-22,-1.0153873000000001e-22,-9.0557376e-23,0.5,-1.1252017e-22,,,,,,,,,,,,,,,,,,,,,,,,,,,,,,,,,,,,,,,,,,,,,,,,,,,,,,,,,,,,,,,,,,,,,,
,,,,,,,,,,,,,,,,,,,,,,,,,,,,,,,,,,,,,,,,,,,,,,,,,,,,,,,,,,,,,,,,,,,,,,,,,,,,,,,,,,,,,,,,,,,,,,,,,,,,,,,,,,,,,,,,,,,,,,,,-1.0491186000000001e-22,-1.158933e-22,-1.1589331000000002e-22,-1.158933e-22,0.5,-1.0491186000000001e-22,-1.1589328000000001e-22,-9.393044e-23,-1.1589328000000001e-22,0.5,,,,,,,,,,,,,,,,,,,,,,,,,,,,,,,,,,,,,,,,,,,,,,,,,,,,,,,,,,,,,,,,,,,,,,
,,,,,,,,,,,,,,,,,,,,,,,,,,,,,,,,,,,,,,,,,,,,,,,,,,,,,,,,,,,,,,,,,,,,,,,,,,,,,,,,,,,,,,,,,,,,,,,,,,,,,,,,,,,,,,,,,,,,,,,,,,,,,,,,,,0.5,-1.6564276e-23,-1.6564236e-23,-6.048988000000001e-23,-4.9508434e-23,0.5,-1.6564273e-23,-3.8527064e-23,-3.8527086e-23,-3.8527045e-23,,,,,,,,,,,,,,,,,,,,,,,,,,,,,,,,,,,,,,,,,,,,,,,,,,,,,,,,,,,,
,,,,,,,,,,,,,,,,,,,,,,,,,,,,,,,,,,,,,,,,,,,,,,,,,,,,,,,,,,,,,,,,,,,,,,,,,,,,,,,,,,,,,,,,,,,,,,,,,,,,,,,,,,,,,,,,,,,,,,,,,,,,,,,,,,2.5928395e-23,0.5,4.7891313e-23,2.5928485e-23,4.7891263e-23,4.7891240000000003e-23,0.5,4.789131e-23,3.6909868e-23,2.5928436e-23,,,,,,,,,,,,,,,,,,,,,,,,,,,,,,,,,,,,,,,,,,,,,,,,,,,,,,,,,,,,
,,,,,,,,,,,,,,,,,,,,,,,,,,,,,,,,,,,,,,,,,,,,,,,,,,,,,,,,,,,,,,,,,,,,,,,,,,,,,,,,,,,,,,,,,,,,,,,,,,,,,,,,,,,,,,,,,,,,,,,,,,,,,,,,,,-8.845445000000001e-23,-9.9435816e-23,0.5,-1.1041729e-22,-8.84545e-23,-8.845445000000001e-23,-9.943583e-23,0.5,-1.1041729e-22,-1.1041729e-22,,,,,,,,,,,,,,,,,,,,,,,,,,,,,,,,,,,,,,,,,,,,,,,,,,,,,,,,,,,,
,,,,,,,,,,,,,,,,,,,,,,,,,,,,,,,,,,,,,,,,,,,,,,,,,,,,,,,,,,,,,,,,,,,,,,,,,,,,,,,,,,,,,,,,,,,,,,,,,,,,,,,,,,,,,,,,,,,,,,,,,,,,,,,,,,-2.4636412e-23,1.9289258e-23,-2.4636454e-23,0.5,-2.6736009e-24,1.928923e-23,8.3078515e-24,-2.6736007e-24,0.5,-2.673633e-24,,,,,,,,,,,,,,,,,,,,,,,,,,,,,,,,,,,,,,,,,,,,,,,,,,,,,,,,,,,,
,,,,,,,,,,,,,,,,,,,,,,,,,,,,,,,,,,,,,,,,,,,,,,,,,,,,,,,,,,,,,,,,,,,,,,,,,,,,,,,,,,,,,,,,,,,,,,,,,,,,,,,,,,,,,,,,,,,,,,,,,,,,,,,,,,4.89158e-23,5.989719e-23,5.989714e-23,5.9897155e-23,0.5,5.989721000000001e-23,8.185999000000001e-23,5.989712000000001e-23,8.185999000000001e-23,0.5,,,,,,,,,,,,,,,,,,,,,,,,,,,,,,,,,,,,,,,,,,,,,,,,,,,,,,,,,,,,
,,,,,,,,,,,,,,,,,,,,,,,,,,,,,,,,,,,,,,,,,,,,,,,,,,,,,,,,,,,,,,,,,,,,,,,,,,,,,,,,,,,,,,,,,,,,,,,,,,,,,,,,,,,,,,,,,,,,,,,,,,,,,,,,,,0.5,-6.04593e-23,-6.0459265e-23,-6.0459246e-23,-4.947786000000001e-23,0.5,-6.0459284e-23,-6.045927e-23,-3.8496485e-23,-4.9477858e-23,,,,,,,,,,,,,,,,,,,,,,,,,,,,,,,,,,,,,,,,,,,,,,,,,,,,,,,,,,,,
,,,,,,,,,,,,,,,,,,,,,,,,,,,,,,,,,,,,,,,,,,,,,,,,,,,,,,,,,,,,,,,,,,,,,,,,,,,,,,,,,,,,,,,,,,,,,,,,,,,,,,,,,,,,,,,,,,,,,,,,,,,,,,,,,,3.884318e-24,0.5,3.8843625000000005e-24,3.8843625000000005e-24,3.8843357e-24,-1.8078505e-23,0.5,3.8843515e-24,3.8843554e-24,-7.0970534e-24,,,,,,,,,,,,,,,,,,,,,,,,,,,,,,,,,,,,,,,,,,,,,,,,,,,,,,,,,,,,
,,,,,,,,,,,,,,,,,,,,,,,,,,,,,,,,,,,,,,,,,,,,,,,,,,,,,,,,,,,,,,,,,,,,,,,,,,,,,,,,,,,,,,,,,,,,,,,,,,,,,,,,,,,,,,,,,,,,,,,,,,,,,,,,,,-6.637217000000001e-23,-8.833493e-23,0.5,-6.6372175e-23,-6.637221000000001e-23,-8.8334984e-23,-7.7353536e-23,0.5,-6.637215000000001e-23,-6.637218000000001e-23,,,,,,,,,,,,,,,,,,,,,,,,,,,,,,,,,,,,,,,,,,,,,,,,,,,,,,,,,,,,
,,,,,,,,,,,,,,,,,,,,,,,,,,,,,,,,,,,,,,,,,,,,,,,,,,,,,,,,,,,,,,,,,,,,,,,,,,,,,,,,,,,,,,,,,,,,,,,,,,,,,,,,,,,,,,,,,,,,,,,,,,,,,,,,,,-4.652238e-23,-4.652235e-23,-4.652242000000001e-23,0.5,-4.652237000000001e-23,-4.6522387e-23,-4.652237000000001e-23,-4.6522406e-23,0.5,-4.6522410000000004e-23,,,,,,,,,,,,,,,,,,,,,,,,,,,,,,,,,,,,,,,,,,,,,,,,,,,,,,,,,,,,
,,,,,,,,,,,,,,,,,,,,,,,,,,,,,,,,,,,,,,,,,,,,,,,,,,,,,,,,,,,,,,,,,,,,,,,,,,,,,,,,,,,,,,,,,,,,,,,,,,,,,,,,,,,,,,,,,,,,,,,,,,,,,,,,,,2.7078976e-23,1.6097538e-23,1.6097478e-23,1.6097502e-23,0.5,1.6097559e-23,2.7078935e-23,3.8060320000000004e-23,3.8060327e-23,0.5,,,,,,,,,,,,,,,,,,,,,,,,,,,,,,,,,,,,,,,,,,,,,,,,,,,,,,,,,,,,
,,,,,,,,,,,,,,,,,,,,,,,,,,,,,,,,,,,,,,,,,,,,,,,,,,,,,,,,,,,,,,,,,,,,,,,,,,,,,,,,,,,,,,,,,,,,,,,,,,,,,,,,,,,,,,,,,,,,,,,,,,,,,,,,,,,,,,,,,,,,0.5,-1.6458240000000002e-23,5.5046063e-24,5.504634e-24,5.504616e-24,0.5,-1.6458234e-23,-1.645826e-23,-1.6458222999999998e-23,-5.4767867e-24,,,,,,,,,,,,,,,,,,,,,,,,,,,,,,,,,,,,,,,,,,,,,,,,,,
,,,,,,,,,,,,,,,,,,,,,,,,,,,,,,,,,,,,,,,,,,,,,,,,,,,,,,,,,,,,,,,,,,,,,,,,,,,,,,,,,,,,,,,,,,,,,,,,,,,,,,,,,,,,,,,,,,,,,,,,,,,,,,,,,,,,,,,,,,,,-8.386248e-23,0.5,-7.2881004e-23,-6.189958e-23,-6.189963e-23,-8.386244e-23,0.5,-6.1899605e-23,-6.189963e-23,-6.1899624e-23,,,,,,,,,,,,,,,,,,,,,,,,,,,,,,,,,,,,,,,,,,,,,,,,,,
,,,,,,,,,,,,,,,,,,,,,,,,,,,,,,,,,,,,,,,,,,,,,,,,,,,,,,,,,,,,,,,,,,,,,,,,,,,,,,,,,,,,,,,,,,,,,,,,,,,,,,,,,,,,,,,,,,,,,,,,,,,,,,,,,,,,,,,,,,,,-4.4337053e-23,-3.3355597999999997e-23,0.5,-4.4337075e-23,-4.1141847e-25,-2.2374246e-23,-4.433702e-23,0.5,-2.2374235999999998e-23,-4.114358e-25,,,,,,,,,,,,,,,,,,,,,,,,,,,,,,,,,,,,,,,,,,,,,,,,,,
,,,,,,,,,,,,,,,,,,,,,,,,,,,,,,,,,,,,,,,,,,,,,,,,,,,,,,,,,,,,,,,,,,,,,,,,,,,,,,,,,,,,,,,,,,,,,,,,,,,,,,,,,,,,,,,,,,,,,,,,,,,,,,,,,,,,,,,,,,,,-2.0016510000000001e-22,-2.0016509000000005e-22,-2.0016515e-22,0.5,-2.0016515e-22,-2.0016514000000002e-22,-2.0016509000000005e-22,-2.0016515e-22,0.5,-2.0016510000000001e-22,,,,,,,,,,,,,,,,,,,,,,,,,,,,,,,,,,,,,,,,,,,,,,,,,,
,,,,,,,,,,,,,,,,,,,,,,,,,,,,,,,,,,,,,,,,,,,,,,,,,,,,,,,,,,,,,,,,,,,,,,,,,,,,,,,,,,,,,,,,,,,,,,,,,,,,,,,,,,,,,,,,,,,,,,,,,,,,,,,,,,,,,,,,,,,,-5.8388329999999996e-24,-1.6820282e-23,1.6123921e-23,-5.8389062e-24,0.5,-5.8388408000000004e-24,-1.6820277e-23,-5.838868e-24,-5.8388625000000006e-24,0.5,,,,,,,,,,,,,,,,,,,,,,,,,,,,,,,,,,,,,,,,,,,,,,,,,,
,,,,,,,,,,,,,,,,,,,,,,,,,,,,,,,,,,,,,,,,,,,,,,,,,,,,,,,,,,,,,,,,,,,,,,,,,,,,,,,,,,,,,,,,,,,,,,,,,,,,,,,,,,,,,,,,,,,,,,,,,,,,,,,,,,,,,,,,,,,,0.5,2.7499448e-23,2.749947e-23,2.749947e-23,1.6518115e-23,0.5,2.7499467e-23,5.5366539999999996e-24,5.5366124e-24,1.6518124e-23,,,,,,,,,,,,,,,,,,,,,,,,,,,,,,,,,,,,,,,,,,,,,,,,,,
,,,,,,,,,,,,,,,,,,,,,,,,,,,,,,,,,,,,,,,,,,,,,,,,,,,,,,,,,,,,,,,,,,,,,,,,,,,,,,,,,,,,,,,,,,,,,,,,,,,,,,,,,,,,,,,,,,,,,,,,,,,,,,,,,,,,,,,,,,,,2.5917877e-23,0.5,-1.8007727e-23,3.9550693e-24,-7.0263754e-24,3.955049e-24,0.5,-7.026332e-24,-1.8007749e-23,3.9550528e-24,,,,,,,,,,,,,,,,,,,,,,,,,,,,,,,,,,,,,,,,,,,,,,,,,,
,,,,,,,,,,,,,,,,,,,,,,,,,,,,,,,,,,,,,,,,,,,,,,,,,,,,,,,,,,,,,,,,,,,,,,,,,,,,,,,,,,,,,,,,,,,,,,,,,,,,,,,,,,,,,,,,,,,,,,,,,,,,,,,,,,,,,,,,,,,,-8.823549000000001e-23,-6.627259000000001e-23,0.5,-8.823546000000001e-23,-4.4309793e-23,-6.627263e-23,-7.725399e-23,0.5,-6.6272634e-23,-6.627262000000001e-23,,,,,,,,,,,,,,,,,,,,,,,,,,,,,,,,,,,,,,,,,,,,,,,,,,
,,,,,,,,,,,,,,,,,,,,,,,,,,,,,,,,,,,,,,,,,,,,,,,,,,,,,,,,,,,,,,,,,,,,,,,,,,,,,,,,,,,,,,,,,,,,,,,,,,,,,,,,,,,,,,,,,,,,,,,,,,,,,,,,,,,,,,,,,,,,-4.643014000000001e-23,-1.3485886e-23,-2.5044943000000002e-24,0.5,-4.643016000000001e-23,-2.5044989e-24,-1.3485861e-23,-2.4467325999999998e-23,0.5,-2.4467294e-23,,,,,,,,,,,,,,,,,,,,,,,,,,,,,,,,,,,,,,,,,,,,,,,,,,
,,,,,,,,,,,,,,,,,,,,,,,,,,,,,,,,,,,,,,,,,,,,,,,,,,,,,,,,,,,,,,,,,,,,,,,,,,,,,,,,,,,,,,,,,,,,,,,,,,,,,,,,,,,,,,,,,,,,,,,,,,,,,,,,,,,,,,,,,,,,-5.818932e-24,-1.6800369e-23,-5.8189974e-24,-5.8189600000000005e-24,0.5,-5.8189477e-24,-1.6800385e-23,1.6143833e-23,-5.8189855000000005e-24,0.5,,,,,,,,,,,,,,,,,,,,,,,,,,,,,,,,,,,,,,,,,,,,,,,,,,
,,,,,,,,,,,,,,,,,,,,,,,,,,,,,,,,,,,,,,,,,,,,,,,,,,,,,,,,,,,,,,,,,,,,,,,,,,,,,,,,,,,,,,,,,,,,,,,,,,,,,,,,,,,,,,,,,,,,,,,,,,,,,,,,,,,,,,,,,,,,,,,,,,,,,,0.5,-3.8384176e-23,-6.0347e-23,-6.034699000000001e-23,-4.9365593e-23,0.5,-8.230985e-23,-6.034699000000001e-23,-6.034701399999999e-23,-3.8384173e-23,,,,,,,,,,,,,,,,,,,,,,,,,,,,,,,,,,,,,,,,
,,,,,,,,,,,,,,,,,,,,,,,,,,,,,,,,,,,,,,,,,,,,,,,,,,,,,,,,,,,,,,,,,,,,,,,,,,,,,,,,,,,,,,,,,,,,,,,,,,,,,,,,,,,,,,,,,,,,,,,,,,,,,,,,,,,,,,,,,,,,,,,,,,,,,,2.5956234e-23,0.5,1.4974842e-23,1.4974855e-23,3.693763000000001e-23,2.5956207e-23,0.5,3.9934285e-24,3.9934186e-24,2.5956228e-23,,,,,,,,,,,,,,,,,,,,,,,,,,,,,,,,,,,,,,,,
,,,,,,,,,,,,,,,,,,,,,,,,,,,,,,,,,,,,,,,,,,,,,,,,,,,,,,,,,,,,,,,,,,,,,,,,,,,,,,,,,,,,,,,,,,,,,,,,,,,,,,,,,,,,,,,,,,,,,,,,,,,,,,,,,,,,,,,,,,,,,,,,,,,,,,4.3552812e-23,5.453425e-23,0.5,6.551563e-23,8.747846e-23,6.551562399999999e-23,4.3552843e-23,0.5,8.747845000000001e-23,6.551562399999999e-23,,,,,,,,,,,,,,,,,,,,,,,,,,,,,,,,,,,,,,,,
,,,,,,,,,,,,,,,,,,,,,,,,,,,,,,,,,,,,,,,,,,,,,,,,,,,,,,,,,,,,,,,,,,,,,,,,,,,,,,,,,,,,,,,,,,,,,,,,,,,,,,,,,,,,,,,,,,,,,,,,,,,,,,,,,,,,,,,,,,,,,,,,,,,,,,-9.02529e-23,-9.0252914e-23,-6.829011000000001e-23,0.5,-9.0252945e-23,-1.1221573000000002e-22,-9.025291e-23,-9.025293e-23,0.5,-6.829011000000001e-23,,,,,,,,,,,,,,,,,,,,,,,,,,,,,,,,,,,,,,,,
,,,,,,,,,,,,,,,,,,,,,,,,,,,,,,,,,,,,,,,,,,,,,,,,,,,,,,,,,,,,,,,,,,,,,,,,,,,,,,,,,,,,,,,,,,,,,,,,,,,,,,,,,,,,,,,,,,,,,,,,,,,,,,,,,,,,,,,,,,,,,,,,,,,,,,-4.9612977e-23,-4.961297000000001e-23,-5.6873187e-24,-4.9612955e-23,0.5,-3.863155000000001e-23,-3.8631572e-23,-7.157584000000001e-23,-2.7650165e-23,0.5,,,,,,,,,,,,,,,,,,,,,,,,,,,,,,,,,,,,,,,,
,,,,,,,,,,,,,,,,,,,,,,,,,,,,,,,,,,,,,,,,,,,,,,,,,,,,,,,,,,,,,,,,,,,,,,,,,,,,,,,,,,,,,,,,,,,,,,,,,,,,,,,,,,,,,,,,,,,,,,,,,,,,,,,,,,,,,,,,,,,,,,,,,,,,,,0.5,-3.8329275e-23,-3.8329284e-23,-3.8329253e-23,-1.6366408999999998e-23,0.5,-1.6366446999999998e-23,-3.8329297e-23,-1.6366428e-23,-1.6366415e-23,,,,,,,,,,,,,,,,,,,,,,,,,,,,,,,,,,,,,,,,
,,,,,,,,,,,,,,,,,,,,,,,,,,,,,,,,,,,,,,,,,,,,,,,,,,,,,,,,,,,,,,,,,,,,,,,,,,,,,,,,,,,,,,,,,,,,,,,,,,,,,,,,,,,,,,,,,,,,,,,,,,,,,,,,,,,,,,,,,,,,,,,,,,,,,,-6.1867325e-23,0.5,-3.9904463e-23,-3.9904488e-23,-3.9904478e-23,-3.9904526e-23,0.5,-2.8923058e-23,-3.9904480000000004e-23,-5.0885902e-23,,,,,,,,,,,,,,,,,,,,,,,,,,,,,,,,,,,,,,,,
,,,,,,,,,,,,,,,,,,,,,,,,,,,,,,,,,,,,,,,,,,,,,,,,,,,,,,,,,,,,,,,,,,,,,,,,,,,,,,,,,,,,,,,,,,,,,,,,,,,,,,,,,,,,,,,,,,,,,,,,,,,,,,,,,,,,,,,,,,,,,,,,,,,,,,8.765061e-23,5.470639e-23,0.5,6.5687785e-23,4.3724907e-23,6.568783000000001e-23,6.568784e-23,0.5,8.7650625e-23,8.765058e-23,,,,,,,,,,,,,,,,,,,,,,,,,,,,,,,,,,,,,,,,
,,,,,,,,,,,,,,,,,,,,,,,,,,,,,,,,,,,,,,,,,,,,,,,,,,,,,,,,,,,,,,,,,,,,,,,,,,,,,,,,,,,,,,,,,,,,,,,,,,,,,,,,,,,,,,,,,,,,,,,,,,,,,,,,,,,,,,,,,,,,,,,,,,,,,,-9.029527e-23,-1.01276626e-22,-9.029522e-23,0.5,-9.0295253e-23,-9.029525e-23,-9.029522e-23,-9.0295253e-23,0.5,-9.029526e-23,,,,,,,,,,,,,,,,,,,,,,,,,,,,,,,,,,,,,,,,
,,,,,,,,,,,,,,,,,,,,,,,,,,,,,,,,,,,,,,,,,,,,,,,,,,,,,,,,,,,,,,,,,,,,,,,,,,,,,,,,,,,,,,,,,,,,,,,,,,,,,,,,,,,,,,,,,,,,,,,,,,,,,,,,,,,,,,,,,,,,,,,,,,,,,,-7.158898000000001e-23,-7.1589026e-23,-2.7663386e-23,-7.158903e-23,0.5,-6.0607565e-23,-6.060761e-23,-2.7663383e-23,-7.1589045e-23,0.5,,,,,,,,,,,,,,,,,,,,,,,,,,,,,,,,,,,,,,,,
,,,,,,,,,,,,,,,,,,,,,,,,,,,,,,,,,,,,,,,,,,,,,,,,,,,,,,,,,,,,,,,,,,,,,,,,,,,,,,,,,,,,,,,,,,,,,,,,,,,,,,,,,,,,,,,,,,,,,,,,,,,,,,,,,,,,,,,,,,,,,,,,,,,,,,,,,,,,,,,,0.5,-6.023206000000001e-23,-8.219493000000001e-23,-6.023206000000001e-23,-8.2194876e-23,0.5,-8.2194927e-23,-8.219494000000001e-23,-6.0232086e-23,-7.121346e-23,,,,,,,,,,,,,,,,,,,,,,,,,,,,,,
,,,,,,,,,,,,,,,,,,,,,,,,,,,,,,,,,,,,,,,,,,,,,,,,,,,,,,,,,,,,,,,,,,,,,,,,,,,,,,,,,,,,,,,,,,,,,,,,,,,,,,,,,,,,,,,,,,,,,,,,,,,,,,,,,,,,,,,,,,,,,,,,,,,,,,,,,,,,,,,,-8.38311e-23,0.5,-7.284964e-23,-5.088683e-23,-7.284966000000001e-23,-3.9905425e-23,0.5,-7.2849626e-23,-7.284964499999999e-23,-6.186824000000001e-23,,,,,,,,,,,,,,,,,,,,,,,,,,,,,,
,,,,,,,,,,,,,,,,,,,,,,,,,,,,,,,,,,,,,,,,,,,,,,,,,,,,,,,,,,,,,,,,,,,,,,,,,,,,,,,,,,,,,,,,,,,,,,,,,,,,,,,,,,,,,,,,,,,,,,,,,,,,,,,,,,,,,,,,,,,,,,,,,,,,,,,,,,,,,,,,2.1735792e-23,3.2717265e-23,0.5,4.3698628e-23,6.5661424e-23,2.1735792e-23,2.1735852e-23,0.5,4.3698644e-23,4.3698584e-23,,,,,,,,,,,,,,,,,,,,,,,,,,,,,,
,,,,,,,,,,,,,,,,,,,,,,,,,,,,,,,,,,,,,,,,,,,,,,,,,,,,,,,,,,,,,,,,,,,,,,,,,,,,,,,,,,,,,,,,,,,,,,,,,,,,,,,,,,,,,,,,,,,,,,,,,,,,,,,,,,,,,,,,,,,,,,,,,,,,,,,,,,,,,,,,-2.3663522e-24,-2.4329157e-23,-2.4329163e-23,0.5,-2.4329191e-23,-2.432914000000001e-23,-3.5310555999999997e-23,-2.4329183e-23,0.5,-4.6291992e-23,,,,,,,,,,,,,,,,,,,,,,,,,,,,,,
,,,,,,,,,,,,,,,,,,,,,,,,,,,,,,,,,,,,,,,,,,,,,,,,,,,,,,,,,,,,,,,,,,,,,,,,,,,,,,,,,,,,,,,,,,,,,,,,,,,,,,,,,,,,,,,,,,,,,,,,,,,,,,,,,,,,,,,,,,,,,,,,,,,,,,,,,,,,,,,,-2.7596488e-23,-1.661511e-23,-5.633716e-24,-5.6336813000000004e-24,0.5,-2.7596484e-23,-1.6615104e-23,1.6329096999999999e-23,-2.7596532e-23,0.5,,,,,,,,,,,,,,,,,,,,,,,,,,,,,,
,,,,,,,,,,,,,,,,,,,,,,,,,,,,,,,,,,,,,,,,,,,,,,,,,,,,,,,,,,,,,,,,,,,,,,,,,,,,,,,,,,,,,,,,,,,,,,,,,,,,,,,,,,,,,,,,,,,,,,,,,,,,,,,,,,,,,,,,,,,,,,,,,,,,,,,,,,,,,,,,0.5,-8.218056e-23,-8.218057000000001e-23,-8.218055000000001e-23,-7.119912000000001e-23,0.5,-6.021774000000001e-23,-8.218057000000001e-23,-6.021773499999999e-23,-6.02177e-23,,,,,,,,,,,,,,,,,,,,,,,,,,,,,,
,,,,,,,,,,,,,,,,,,,,,,,,,,,,,,,,,,,,,,,,,,,,,,,,,,,,,,,,,,,,,,,,,,,,,,,,,,,,,,,,,,,,,,,,,,,,,,,,,,,,,,,,,,,,,,,,,,,,,,,,,,,,,,,,,,,,,,,,,,,,,,,,,,,,,,,,,,,,,,,,-1.8012698e-23,0.5,-7.0312135e-24,-7.031240999999999e-24,-7.0312656e-24,-1.8012651e-23,0.5,-7.031227e-24,-1.8012651e-23,3.9501600000000014e-24,,,,,,,,,,,,,,,,,,,,,,,,,,,,,,
,,,,,,,,,,,,,,,,,,,,,,,,,,,,,,,,,,,,,,,,,,,,,,,,,,,,,,,,,,,,,,,,,,,,,,,,,,,,,,,,,,,,,,,,,,,,,,,,,,,,,,,,,,,,,,,,,,,,,,,,,,,,,,,,,,,,,,,,,,,,,,,,,,,,,,,,,,,,,,,,-2.2204185e-23,-1.12227454e-23,0.5,-2.2204177999999998e-23,-2.4136367999999998e-25,-2.22042e-23,-2.4132278e-25,0.5,-2.4136143999999997e-25,-2.2204183e-23,,,,,,,,,,,,,,,,,,,,,,,,,,,,,,
,,,,,,,,,,,,,,,,,,,,,,,,,,,,,,,,,,,,,,,,,,,,,,,,,,,,,,,,,,,,,,,,,,,,,,,,,,,,,,,,,,,,,,,,,,,,,,,,,,,,,,,,,,,,,,,,,,,,,,,,,,,,,,,,,,,,,,,,,,,,,,,,,,,,,,,,,,,,,,,,1.9592501e-23,8.611113e-24,1.959246000000001e-23,0.5,-2.3703913e-24,1.9592482e-23,1.9592525e-23,4.1555306e-23,0.5,1.9592459e-23,,,,,,,,,,,,,,,,,,,,,,,,,,,,,,
,,,,,,,,,,,,,,,,,,,,,,,,,,,,,,,,,,,,,,,,,,,,,,,,,,,,,,,,,,,,,,,,,,,,,,,,,,,,,,,,,,,,,,,,,,,,,,,,,,,,,,,,,,,,,,,,,,,,,,,,,,,,,,,,,,,,,,,,,,,,,,,,,,,,,,,,,,,,,,,,-8.24904e-23,-7.150902e-23,-7.150904000000001e-23,-7.150901000000001e-23,0.5,-7.1508985e-23,-7.150901000000001e-23,-7.150902e-23,-9.3471864e-23,0.5,,,,,,,,,,,,,,,,,,,,,,,,,,,,,,
,,,,,,,,,,,,,,,,,,,,,,,,,,,,,,,,,,,,,,,,,,,,,,,,,,,,,,,,,,,,,,,,,,,,,,,,,,,,,,,,,,,,,,,,,,,,,,,,,,,,,,,,,,,,,,,,,,,,,,,,,,,,,,,,,,,,,,,,,,,,,,,,,,,,,,,,,,,,,,,,,,,,,,,,,,0.5,4.9735184e-23,7.169802000000001e-23,4.973521000000001e-23,7.169806000000001e-23,0.5,4.9735213e-23,4.9735184e-23,7.169802000000001e-23,6.0716655e-23,,,,,,,,,,,,,,,,,,,,
,,,,,,,,,,,,,,,,,,,,,,,,,,,,,,,,,,,,,,,,,,,,,,,,,,,,,,,,,,,,,,,,,,,,,,,,,,,,,,,,,,,,,,,,,,,,,,,,,,,,,,,,,,,,,,,,,,,,,,,,,,,,,,,,,,,,,,,,,,,,,,,,,,,,,,,,,,,,,,,,,,,,,,,,,,-3.984419e-23,0.5,-2.8862742e-23,-1.7881364e-23,-2.8862780000000005e-23,-3.9844213e-23,0.5,-2.8862748e-23,-3.9844168e-23,-1.7881367e-23,,,,,,,,,,,,,,,,,,,,
,,,,,,,,,,,,,,,,,,,,,,,,,,,,,,,,,,,,,,,,,,,,,,,,,,,,,,,,,,,,,,,,,,,,,,,,,,,,,,,,,,,,,,,,,,,,,,,,,,,,,,,,,,,,,,,,,,,,,,,,,,,,,,,,,,,,,,,,,,,,,,,,,,,,,,,,,,,,,,,,,,,,,,,,,,-4.4068878e-23,-4.406882e-23,0.5,-6.603171000000001e-23,-4.4068878e-23,-6.6031697e-23,-4.4068830000000004e-23,0.5,-6.603169e-23,-1.4322824999999998e-25,,,,,,,,,,,,,,,,,,,,
,,,,,,,,,,,,,,,,,,,,,,,,,,,,,,,,,,,,,,,,,,,,,,,,,,,,,,,,,,,,,,,,,,,,,,,,,,,,,,,,,,,,,,,,,,,,,,,,,,,,,,,,,,,,,,,,,,,,,,,,,,,,,,,,,,,,,,,,,,,,,,,,,,,,,,,,,,,,,,,,,,,,,,,,,,1.9821321e-23,1.9821385e-23,1.9821336e-23,0.5,1.9821330000000002e-23,1.9821307e-23,1.9821355e-23,1.9821340000000002e-23,0.5,1.9821320000000006e-23,,,,,,,,,,,,,,,,,,,,
,,,,,,,,,,,,,,,,,,,,,,,,,,,,,,,,,,,,,,,,,,,,,,,,,,,,,,,,,,,,,,,,,,,,,,,,,,,,,,,,,,,,,,,,,,,,,,,,,,,,,,,,,,,,,,,,,,,,,,,,,,,,,,,,,,,,,,,,,,,,,,,,,,,,,,,,,,,,,,,,,,,,,,,,,,-6.048293000000001e-23,-8.244578000000001e-23,-4.9501574e-23,-7.1464405e-23,0.5,-9.342717e-23,-7.1464374e-23,-7.146438000000001e-23,-7.146439000000001e-23,0.5,,,,,,,,,,,,,,,,,,,,
,,,,,,,,,,,,,,,,,,,,,,,,,,,,,,,,,,,,,,,,,,,,,,,,,,,,,,,,,,,,,,,,,,,,,,,,,,,,,,,,,,,,,,,,,,,,,,,,,,,,,,,,,,,,,,,,,,,,,,,,,,,,,,,,,,,,,,,,,,,,,,,,,,,,,,,,,,,,,,,,,,,,,,,,,,0.5,-1.04162664e-22,-8.219983000000001e-23,-1.04162645e-22,-7.121839e-23,0.5,-1.04162664e-22,-8.219985e-23,-6.023699999999999e-23,-9.318122000000001e-23,,,,,,,,,,,,,,,,,,,,
,,,,,,,,,,,,,,,,,,,,,,,,,,,,,,,,,,,,,,,,,,,,,,,,,,,,,,,,,,,,,,,,,,,,,,,,,,,,,,,,,,,,,,,,,,,,,,,,,,,,,,,,,,,,,,,,,,,,,,,,,,,,,,,,,,,,,,,,,,,,,,,,,,,,,,,,,,,,,,,,,,,,,,,,,,-3.9881822e-23,0.5,-1.7918957e-23,-2.8900374e-23,-1.7918979e-23,-1.7918988e-23,0.5,-2.8900348e-23,-2.8900374e-23,-1.7918963e-23,,,,,,,,,,,,,,,,,,,,
,,,,,,,,,,,,,,,,,,,,,,,,,,,,,,,,,,,,,,,,,,,,,,,,,,,,,,,,,,,,,,,,,,,,,,,,,,,,,,,,,,,,,,,,,,,,,,,,,,,,,,,,,,,,,,,,,,,,,,,,,,,,,,,,,,,,,,,,,,,,,,,,,,,,,,,,,,,,,,,,,,,,,,,,,,-4.4012197e-23,-3.3030745e-23,0.5,-2.2049370000000006e-23,-2.2049374e-23,-2.2049380000000005e-23,-1.1067933e-23,0.5,-2.2049374e-23,-2.2049391e-23,,,,,,,,,,,,,,,,,,,,
,,,,,,,,,,,,,,,,,,,,,,,,,,,,,,,,,,,,,,,,,,,,,,,,,,,,,,,,,,,,,,,,,,,,,,,,,,,,,,,,,,,,,,,,,,,,,,,,,,,,,,,,,,,,,,,,,,,,,,,,,,,,,,,,,,,,,,,,,,,,,,,,,,,,,,,,,,,,,,,,,,,,,,,,,,1.2949113e-22,1.1850975e-22,1.2949116e-22,0.5,1.2949114000000001e-22,1.2949115000000002e-22,1.1850975e-22,1.0752832e-22,0.5,1.2949111000000001e-22,,,,,,,,,,,,,,,,,,,,
,,,,,,,,,,,,,,,,,,,,,,,,,,,,,,,,,,,,,,,,,,,,,,,,,,,,,,,,,,,,,,,,,,,,,,,,,,,,,,,,,,,,,,,,,,,,,,,,,,,,,,,,,,,,,,,,,,,,,,,,,,,,,,,,,,,,,,,,,,,,,,,,,,,,,,,,,,,,,,,,,,,,,,,,,,-1.3730934e-22,-1.4829079000000002e-22,-9.3383726e-23,-1.5927224000000001e-22,0.5,-1.2632793e-22,-1.2632796e-22,-1.1534659000000001e-22,-1.3730937e-22,0.5,,,,,,,,,,,,,,,,,,,,
,,,,,,,,,,,,,,,,,,,,,,,,,,,,,,,,,,,,,,,,,,,,,,,,,,,,,,,,,,,,,,,,,,,,,,,,,,,,,,,,,,,,,,,,,,,,,,,,,,,,,,,,,,,,,,,,,,,,,,,,,,,,,,,,,,,,,,,,,,,,,,,,,,,,,,,,,,,,,,,,,,,,,,,,,,,,,,,,,,,,0.5,-3.8143198e-23,-3.8143208e-23,-3.8143182e-23,-2.7161726999999997e-23,0.5,5.782483e-24,-3.814318e-23,-3.8143204e-23,-1.6180323e-23,,,,,,,,,,
,,,,,,,,,,,,,,,,,,,,,,,,,,,,,,,,,,,,,,,,,,,,,,,,,,,,,,,,,,,,,,,,,,,,,,,,,,,,,,,,,,,,,,,,,,,,,,,,,,,,,,,,,,,,,,,,,,,,,,,,,,,,,,,,,,,,,,,,,,,,,,,,,,,,,,,,,,,,,,,,,,,,,,,,,,,,,,,,,,,,-6.173944000000001e-23,0.5,-5.0758043e-23,-7.272085e-23,-5.0758043e-23,-6.173944000000001e-23,0.5,-6.173943499999999e-23,-6.173945e-23,-6.1739454e-23,,,,,,,,,,
,,,,,,,,,,,,,,,,,,,,,,,,,,,,,,,,,,,,,,,,,,,,,,,,,,,,,,,,,,,,,,,,,,,,,,,,,,,,,,,,,,,,,,,,,,,,,,,,,,,,,,,,,,,,,,,,,,,,,,,,,,,,,,,,,,,,,,,,,,,,,,,,,,,,,,,,,,,,,,,,,,,,,,,,,,,,,,,,,,,,-2.2076972999999998e-23,-1.109553e-23,0.5,-1.1413638e-25,-1.1414112999999998e-25,-2.2076976e-23,-3.305833e-23,0.5,-2.2076965e-23,-2.2076976e-23,,,,,,,,,,
,,,,,,,,,,,,,,,,,,,,,,,,,,,,,,,,,,,,,,,,,,,,,,,,,,,,,,,,,,,,,,,,,,,,,,,,,,,,,,,,,,,,,,,,,,,,,,,,,,,,,,,,,,,,,,,,,,,,,,,,,,,,,,,,,,,,,,,,,,,,,,,,,,,,,,,,,,,,,,,,,,,,,,,,,,,,,,,,,,,,-9.0039025e-23,-7.905761000000001e-23,-9.003905000000001e-23,0.5,-6.8076216e-23,-6.8076216e-23,-6.807619000000001e-23,-6.8076203e-23,0.5,-6.8076235e-23,,,,,,,,,,
,,,,,,,,,,,,,,,,,,,,,,,,,,,,,,,,,,,,,,,,,,,,,,,,,,,,,,,,,,,,,,,,,,,,,,,,,,,,,,,,,,,,,,,,,,,,,,,,,,,,,,,,,,,,,,,,,,,,,,,,,,,,,,,,,,,,,,,,,,,,,,,,,,,,,,,,,,,,,,,,,,,,,,,,,,,,,,,,,,,,-5.359550000000001e-24,5.6218358000000004e-24,-5.3596263000000006e-24,-5.359585e-24,0.5,5.621859e-24,5.6218452e-24,-5.359614e-24,-2.7322403e-23,0.5,,,,,,,,,,
,,,,,,,,,,,,,,,,,,,,,,,,,,,,,,,,,,,,,,,,,,,,,,,,,,,,,,,,,,,,,,,,,,,,,,,,,,,,,,,,,,,,,,,,,,,,,,,,,,,,,,,,,,,,,,,,,,,,,,,,,,,,,,,,,,,,,,,,,,,,,,,,,,,,,,,,,,,,,,,,,,,,,,,,,,,,,,,,,,,,0.5,5.866354e-24,-1.6096525e-23,-1.6096466999999998e-23,-1.6096464e-23,0.5,-1.6096527e-23,-1.6096476e-23,-2.7077887e-23,-2.7077897e-23,,,,,,,,,,
,,,,,,,,,,,,,,,,,,,,,,,,,,,,,,,,,,,,,,,,,,,,,,,,,,,,,,,,,,,,,,,,,,,,,,,,,,,,,,,,,,,,,,,,,,,,,,,,,,,,,,,,,,,,,,,,,,,,,,,,,,,,,,,,,,,,,,,,,,,,,,,,,,,,,,,,,,,,,,,,,,,,,,,,,,,,,,,,,,,,-8.3754915e-23,0.5,-7.2773466e-23,-8.375487000000001e-23,-8.375491e-23,-6.179211e-23,0.5,-8.375487000000001e-23,-8.375489000000001e-23,-6.1792093e-23,,,,,,,,,,
,,,,,,,,,,,,,,,,,,,,,,,,,,,,,,,,,,,,,,,,,,,,,,,,,,,,,,,,,,,,,,,,,,,,,,,,,,,,,,,,,,,,,,,,,,,,,,,,,,,,,,,,,,,,,,,,,,,,,,,,,,,,,,,,,,,,,,,,,,,,,,,,,,,,,,,,,,,,,,,,,,,,,,,,,,,,,,,,,,,,-2.2001031999999998e-23,-1.1019566e-23,0.5,-2.2001031999999998e-23,2.1924625e-23,-2.2001036e-23,-3.2982398e-23,0.5,-3.8188445e-26,-2.2001037e-23,,,,,,,,,,
,,,,,,,,,,,,,,,,,,,,,,,,,,,,,,,,,,,,,,,,,,,,,,,,,,,,,,,,,,,,,,,,,,,,,,,,,,,,,,,,,,,,,,,,,,,,,,,,,,,,,,,,,,,,,,,,,,,,,,,,,,,,,,,,,,,,,,,,,,,,,,,,,,,,,,,,,,,,,,,,,,,,,,,,,,,,,,,,,,,,-1.1196045000000002e-22,-7.9016177e-23,-8.9997626e-23,0.5,-8.999762000000001e-23,-1.0097904000000001e-22,-1.00978986e-22,-6.803483e-23,0.5,-1.1196043e-22,,,,,,,,,,
,,,,,,,,,,,,,,,,,,,,,,,,,,,,,,,,,,,,,,,,,,,,,,,,,,,,,,,,,,,,,,,,,,,,,,,,,,,,,,,,,,,,,,,,,,,,,,,,,,,,,,,,,,,,,,,,,,,,,,,,,,,,,,,,,,,,,,,,,,,,,,,,,,,,,,,,,,,,,,,,,,,,,,,,,,,,,,,,,,,,7.152601000000001e-23,7.152602e-23,3.8581740000000005e-23,6.0544595e-23,0.5,6.0544626e-23,6.054458000000001e-23,6.054456e-23,6.0544544e-23,0.5,,,,,,,,,,
,,,,,,,,,,,,,,,,,,,,,,,,,,,,,,,,,,,,,,,,,,,,,,,,,,,,,,,,,,,,,,,,,,,,,,,,,,,,,,,,,,,,,,,,,,,,,,,,,,,,,,,,,,,,,,,,,,,,,,,,,,,,,,,,,,,,,,,,,,,,,,,,,,,,,,,,,,,,,,,,,,,,,,,,,,,,,,,,,,,,,,,,,,,,,,0.5,-1.6061601e-23,-1.6061651e-23,-5.0802137e-24,-5.080192e-24,0.5,5.901209e-24,-1.6061601e-23,-1.6061623e-23,-5.080174e-24
,,,,,,,,,,,,,,,,,,,,,,,,,,,,,,,,,,,,,,,,,,,,,,,,,,,,,,,,,,,,,,,,,,,,,,,,,,,,,,,,,,,,,,,,,,,,,,,,,,,,,,,,,,,,,,,,,,,,,,,,,,,,,,,,,,,,,,,,,,,,,,,,,,,,,,,,,,,,,,,,,,,,,,,,,,,,,,,,,,,,,,,,,,,,,,4.2100812e-24,0.5,-6.771261e-24,1.5191557e-23,4.2101333e-24,4.2101148e-24,0.5,1.5191535e-23,4.2101175e-24,1.5191538e-23
,,,,,,,,,,,,,,,,,,,,,,,,,,,,,,,,,,,,,,,,,,,,,,,,,,,,,,,,,,,,,,,,,,,,,,,,,,,,,,,,,,,,,,,,,,,,,,,,,,,,,,,,,,,,,,,,,,,,,,,,,,,,,,,,,,,,,,,,,,,,,,,,,,,,,,,,,,,,,,,,,,,,,,,,,,,,,,,,,,,,,,,,,,,,,,-8.799596e-23,-6.60331e-23,0.5,-6.603317e-23,-6.603312e-23,-6.6033104e-23,-5.50517e-23,0.5,-6.6033136e-23,-4.4070352e-23
,,,,,,,,,,,,,,,,,,,,,,,,,,,,,,,,,,,,,,,,,,,,,,,,,,,,,,,,,,,,,,,,,,,,,,,,,,,,,,,,,,,,,,,,,,,,,,,,,,,,,,,,,,,,,,,,,,,,,,,,,,,,,,,,,,,,,,,,,,,,,,,,,,,,,,,,,,,,,,,,,,,,,,,,,,,,,,,,,,,,,,,,,,,,,,8.861966e-24,8.8619995e-24,1.9843342e-23,0.5,-2.1194391e-24,1.9843378e-23,8.861998e-24,1.9843386e-23,0.5,1.9843389e-23
,,,,,,,,,,,,,,,,,,,,,,,,,,,,,,,,,,,,,,,,,,,,,,,,,,,,,,,,,,,,,,,,,,,,,,,,,,,,,,,,,,,,,,,,,,,,,,,,,,,,,,,,,,,,,,,,,,,,,,,,,,,,,,,,,,,,,,,,,,,,,,,,,,,,,,,,,,,,,,,,,,,,,,,,,,,,,,,,,,,,,,,,,,,,,,-1.3724312e-22,-1.262617e-22,-1.3724314e-22,-1.3724313e-22,0.5,-1.2626168e-22,-1.1528027e-22,-1.1528032e-22,-1.3724314e-22,0.5
,,,,,,,,,,,,,,,,,,,,,,,,,,,,,,,,,,,,,,,,,,,,,,,,,,,,,,,,,,,,,,,,,,,,,,,,,,,,,,,,,,,,,,,,,,,,,,,,,,,,,,,,,,,,,,,,,,,,,,,,,,,,,,,,,,,,,,,,,,,,,,,,,,,,,,,,,,,,,,,,,,,,,,,,,,,,,,,,,,,,,,,,,,,,,,0.5,5.903127e-24,-1.6059739e-23,1.6884539e-23,5.9031542e-24,0.5,5.903122e-24,5.9031195e-24,5.903115e-24,1.6884556e-23
,,,,,,,,,,,,,,,,,,,,,,,,,,,,,,,,,,,,,,,,,,,,,,,,,,,,,,,,,,,,,,,,,,,,,,,,,,,,,,,,,,,,,,,,,,,,,,,,,,,,,,,,,,,,,,,,,,,,,,,,,,,,,,,,,,,,,,,,,,,,,,,,,,,,,,,,,,,,,,,,,,,,,,,,,,,,,,,,,,,,,,,,,,,,,,-8.3746584e-23,0.5,-7.276512e-23,-8.374652e-23,-8.3746565e-23,-6.178371e-23,0.5,-7.276513e-23,-7.276513e-23,-7.2765136e-23
,,,,,,,,,,,,,,,,,,,,,,,,,,,,,,,,,,,,,,,,,,,,,,,,,,,,,,,,,,,,,,,,,,,,,,,,,,,,,,,,,,,,,,,,,,,,,,,,,,,,,,,,,,,,,,,,,,,,,,,,,,,,,,,,,,,,,,,,,,,,,,,,,,,,,,,,,,,,,,,,,,,,,,,,,,,,,,,,,,,,,,,,,,,,,,-1.0990185e-22,-1.3186464e-22,0.5,-1.3186469e-22,-1.0990184e-22,-1.0990182e-22,-1.3186465e-22,0.5,-1.3186466e-22,-1.0990187e-22
,,,,,,,,,,,,,,,,,,,,,,,,,,,,,,,,,,,,,,,,,,,,,,,,,,,,,,,,,,,,,,,,,,,,,,,,,,,,,,,,,,,,,,,,,,,,,,,,,,,,,,,,,,,,,,,,,,,,,,,,,,,,,,,,,,,,,,,,,,,,,,,,,,,,,,,,,,,,,,,,,,,,,,,,,,,,,,,,,,,,,,,,,,,,,,9.6693856e-23,1.186567e-22,1.0767527e-22,0.5,8.5712394e-23,9.6693837e-23,9.669389e-23,1.0767522e-22,0.5,1.0767525e-22
,,,,,,,,,,,,,,,,,,,,,,,,,,,,,,,,,,,,,,,,,,,,,,,,,,,,,,,,,,,,,,,,,,,,,,,,,,,,,,,,,,,,,,,,,,,,,,,,,,,,,,,,,,,,,,,,,,,,,,,,,,,,,,,,,,,,,,,,,,,,,,,,,,,,,,,,,,,,,,,,,,,,,,,,,,,,,,,,,,,,,,,,,,,,,,2.774246e-23,3.8723857e-23,3.8723847e-23,1.6761038e-23,0.5,4.9705293e-23,3.8723853e-23,-5.2018265e-24,3.872387e-23,0.5
